年月日,證券代碼,開盤價(元),最高價(元),最低價(元),收盤價(元),報酬率％
2025/4/2,0050 元大台灣50,176.85,177.35,176,176,-0.1702
2025/4/1,0050 元大台灣50,173.6,176.55,173.6,176.3,2.055
2025/3/31,0050 元大台灣50,173.6,174.25,172.2,172.75,-3.5993
2025/3/28,0050 元大台灣50,179.15,179.3,178,179.2,-0.9945
2025/3/27,0050 元大台灣50,181.5,181.6,180.45,181,-1.897
2025/3/26,0050 元大台灣50,185.2,185.4,183.85,184.5,-0.0812
2025/3/25,0050 元大台灣50,184.65,185.5,184,184.65,1.0397
2025/3/24,0050 元大台灣50,184.4,184.4,182.3,182.75,-0.1093
2025/3/21,0050 元大台灣50,184,184,182.5,182.95,-0.8132
2025/3/20,0050 元大台灣50,182.45,184.45,182.45,184.45,2.1601
2025/3/19,0050 元大台灣50,182.6,182.65,180.1,180.55,-1.2309
2025/3/18,0050 元大台灣50,183.1,183.85,182.35,182.8,0.412
2025/3/17,0050 元大台灣50,182.55,183.5,181.6,182.05,0.8587
2025/3/14,0050 元大台灣50,181.1,181.15,179.55,180.5,-0.3313
2025/3/13,0050 元大台灣50,185.2,185.85,181.05,181.1,-0.93
2025/3/12,0050 元大台灣50,182.1,184.4,181.6,182.8,0.4396
2025/3/11,0050 元大台灣50,180.75,182.1,179.1,182,-1.7544
2025/3/10,0050 元大台灣50,186.35,186.35,184.35,185.25,-0.5903
2025/3/7,0050 元大台灣50,186.8,187,185.8,186.35,-0.9304
2025/3/6,0050 元大台灣50,189.35,189.35,187.35,188.1,-0.6077
2025/3/5,0050 元大台灣50,188,189.5,188,189.25,1.3116
2025/3/4,0050 元大台灣50,185,187.25,184.65,186.8,-0.6647
2025/3/3,0050 元大台灣50,188.8,189,186.8,188.05,-2.3117
2025/2/27,0050 元大台灣50,194.95,194.95,192.35,192.5,-1.1299
2025/2/26,0050 元大台灣50,192.9,194.7,191.9,194.7,0.5422
2025/2/25,0050 元大台灣50,194,194.05,192.6,193.65,-1.2997
2025/2/24,0050 元大台灣50,196.15,196.4,195.5,196.2,-0.8841
2025/2/21,0050 元大台灣50,196.5,197.95,195.9,197.95,0.7123
2025/2/20,0050 元大台灣50,196.95,196.95,195.1,196.55,-0.3801
2025/2/19,0050 元大台灣50,197.65,197.9,197,197.3,-0.1771
2025/2/18,0050 元大台灣50,197.9,197.9,196.6,197.65,0.3554
2025/2/17,0050 元大台灣50,194.75,196.95,194.75,196.95,1.5206
2025/2/14,0050 元大台灣50,195.15,195.15,193.5,194,-1.1968
2025/2/13,0050 元大台灣50,197.3,197.4,195.55,196.35,-0.431
2025/2/12,0050 元大台灣50,198,198.65,197,197.2,-0.1519
2025/2/11,0050 元大台灣50,197.5,198.5,197,197.5,0.6113
2025/2/10,0050 元大台灣50,198.2,198.2,196.1,196.3,-1.1332
2025/2/7,0050 元大台灣50,197.65,198.6,197.1,198.55,0.4554
2025/2/6,0050 元大台灣50,198,198.4,197.1,197.65,0.4319
2025/2/5,0050 元大台灣50,195.75,197.8,195.75,196.8,1.5218
2025/2/4,0050 元大台灣50,193.65,194.55,193.05,193.85,0.5968
2025/2/3,0050 元大台灣50,192.3,193,190.65,192.7,-4.2722
2025/1/22,0050 元大台灣50,200.3,201.7,200.3,201.3,1.3085
2025/1/21,0050 元大台灣50,197.3,199.2,196.7,198.7,0.2017
2025/1/20,0050 元大台灣50,197.15,198.65,197.15,198.3,1.0188
2025/1/17,0050 元大台灣50,197,197.35,194.4,196.3,0.4797
2025/1/16,0050 元大台灣50,195.202,196.7802,194.7088,195.35,2.035
2025/1/15,0050 元大台灣50,193.3279,193.3279,191.1086,191.4538,-0.7669
2025/1/14,0050 元大台灣50,192.0457,193.2293,191.4045,192.9334,0.6173
2025/1/13,0050 元大台灣50,196.287,196.287,191.4538,191.7497,-2.3116
2025/1/10,0050 元大台灣50,196.287,196.8295,195.3007,196.287,-0.0251
2025/1/9,0050 元大台灣50,197.4707,198.4077,196.287,196.3364,-1.1423
2025/1/8,0050 元大台灣50,199.8873,200.5777,198.3091,198.605,-1.4922
2025/1/7,0050 元大台灣50,202.1559,203.1916,201.4655,201.6134,1.113
2025/1/6,0050 元大台灣50,195.9418,199.542,195.8925,199.3941,3.1378
2025/1/3,0050 元大台灣50,193.3279,194.265,192.5388,193.3279,1.0049
2025/1/2,0050 元大台灣50,192.9827,192.9827,190.6154,191.4045,-0.8685
2024/12/31,0050 元大台灣50,194.0184,194.2157,192.9334,193.0813,-1.0364
2024/12/30,0050 元大台灣50,195.4486,195.9418,194.9554,195.1034,-0.553
2024/12/27,0050 元大台灣50,194.9061,196.3364,194.6102,196.1884,0.3279
2024/12/26,0050 元大台灣50,195.6952,195.7938,195.3007,195.5473,-0.0756
2024/12/25,0050 元大台灣50,195.7938,195.7938,194.7582,195.6952,0.3033
2024/12/24,0050 元大台灣50,195.7938,196.3857,194.8075,195.1034,0.2788
2024/12/23,0050 元大台灣50,192.0457,194.6102,191.8484,194.5609,2.4143
2024/12/20,0050 元大台灣50,191.1086,191.1086,189.3825,189.9743,-0.9259
2024/12/19,0050 元大台灣50,191.7004,192.1443,190.9113,191.7497,-1.3699
2024/12/18,0050 元大台灣50,194.117,195.1527,192.9334,194.4129,0
2024/12/17,0050 元大台灣50,194.4129,195.35,194.0677,194.4129,0.5099
2024/12/16,0050 元大台灣50,194.3143,194.9554,193.0813,193.4266,0.4096
2024/12/13,0050 元大台灣50,191.9963,192.9334,191.4538,192.6375,0.0769
2024/12/12,0050 元大台灣50,192.2429,193.0813,191.7991,192.4895,1.1664
2024/12/11,0050 元大台灣50,190.3688,191.6018,189.9743,190.2702,-0.8736
2024/12/10,0050 元大台灣50,193.0813,193.7718,191.8977,191.947,-0.7143
2024/12/9,0050 元大台灣50,193.4759,193.5745,193.032,193.3279,0.1277
2024/12/6,0050 元大台灣50,193.8211,194.0184,192.3416,193.0813,-0.3817
2024/12/5,0050 元大台灣50,193.0813,193.9198,192.9827,193.8211,0.5372
2024/12/4,0050 元大台灣50,192.0457,192.7854,191.4045,192.7854,0.5919
2024/12/3,0050 元大台灣50,191.6511,192.1936,191.1086,191.6511,1.3563
2024/12/2,0050 元大台灣50,185.9302,189.0866,185.9302,189.0866,2.3765
2024/11/29,0050 元大台灣50,182.4286,185.437,181.9847,184.6972,0.2409
2024/11/28,0050 元大台灣50,184.4506,184.5493,182.9218,184.2534,-0.1603
2024/11/27,0050 元大台灣50,186.5713,186.8672,184.4506,184.5493,-1.4485
2024/11/26,0050 元大台灣50,187.5084,187.7056,186.2261,187.2618,-1.2997
2024/11/25,0050 元大台灣50,192.0457,192.095,189.6291,189.7277,-0.3626
2024/11/22,0050 元大台灣50,188.4947,190.5661,188.4947,190.4181,1.9541
2024/11/21,0050 元大台灣50,187.4097,187.5577,186.0288,186.7686,-1.0969
2024/11/20,0050 元大台灣50,190.1716,190.7141,188.1495,188.84,-0.4161
2024/11/19,0050 元大台灣50,188.1002,190.3195,187.607,189.6291,1.3709
2024/11/18,0050 元大台灣50,188.84,189.0866,187.0152,187.0645,-1.4037
2024/11/15,0050 元大台灣50,189.4318,190.2209,188.2481,189.7277,0.7068
2024/11/14,0050 元大台灣50,189.6784,189.8756,187.5084,188.3961,-0.9079
2024/11/13,0050 元大台灣50,191.2072,191.3552,189.8756,190.1222,-0.6443
2024/11/12,0050 元大台灣50,192.5388,193.18,191.3552,191.3552,-2.5615
2024/11/11,0050 元大台灣50,196.1391,196.3857,194.117,196.3857,0.0503
2024/11/8,0050 元大台灣50,196.6816,197.2734,195.9911,196.287,0.785
2024/11/7,0050 元大台灣50,192.2429,195.35,191.8484,194.7582,1.1527
2024/11/6,0050 元大台灣50,191.4045,195.35,190.862,192.5388,0.8004
2024/11/5,0050 元大台灣50,188.9386,192.0457,188.7906,191.01,0.3628
2024/11/4,0050 元大台灣50,188.4454,190.5661,188.1988,190.3195,1.2861
2024/11/1,0050 元大台灣50,183.6122,187.9522,183.4149,187.9029,-0.6778
2024/10/30,0050 元大台灣50,190.3195,191.4045,188.8893,189.1852,0.1567
2024/10/29,0050 元大台灣50,190.6154,190.6154,187.607,188.8893,-2.3208
2024/10/28,0050 元大台灣50,195.202,195.4486,192.2922,193.3773,-0.1782
2024/10/25,0050 元大台灣50,192.3416,193.8704,192.3416,193.7225,0.8214
2024/10/24,0050 元大台灣50,193.3279,194.0184,191.8484,192.1443,-0.6122
2024/10/23,0050 元大台灣50,194.0184,194.2157,192.9827,193.3279,-0.6589
2024/10/22,0050 元大台灣50,194.5116,194.6102,192.6868,194.6102,-0.3787
2024/10/21,0050 元大台灣50,196.3364,197.2241,195.3007,195.35,-0.0252
2024/10/18,0050 元大台灣50,196.5829,197.4707,194.5609,195.3993,2.4832
2024/10/17,0050 元大台灣50,191.3552,191.4538,189.2838,190.6647,0.1554
2024/10/16,0050 元大台灣50,189.8263,192.6375,189.0372,190.3688,-1.7312
2024/10/15,0050 元大台灣50,190.3688,193.9198,190.3688,193.7225,2.1321
2024/10/14,0050 元大台灣50,189.4811,190.2702,188.3468,189.6784,0.0781
2024/10/11,0050 元大台灣50,186.4727,190.1716,186.4727,189.5304,1.6667
2024/10/9,0050 元大台灣50,186.4234,187.607,186.4234,186.4234,0.9346
2024/10/8,0050 元大台灣50,184.4013,184.7959,182.9711,184.6972,-0.4783
2024/10/7,0050 元大台灣50,183.267,185.6343,183.267,185.585,2.4782
2024/10/4,0050 元大台灣50,181.4915,182.7738,180.5052,181.097,0
2024/10/1,0050 元大台灣50,181.3929,182.0833,180.8504,181.097,-0.1903
2024/9/30,0050 元大台灣50,184.0068,184.6479,181.4422,181.4422,-2.6204
2024/9/27,0050 元大台灣50,187.607,188.6427,186.0288,186.3247,-0.2113
2024/9/26,0050 元大台灣50,187.0152,187.4097,186.1768,186.7193,0.8256
2024/9/25,0050 元大台灣50,185.1411,185.437,184.7959,185.1904,1.4865
2024/9/24,0050 元大台灣50,180.7024,182.4779,179.6174,182.4779,0.955
2024/9/23,0050 元大台灣50,180.0613,181.1463,180.0613,180.7518,0.4385
2024/9/20,0050 元大台灣50,180.6038,181.5902,179.9627,179.9627,1.2767
2024/9/19,0050 元大台灣50,175.5733,177.7433,174.587,177.694,1.2932
2024/9/18,0050 元大台灣50,176.0665,176.6583,174.1431,175.4254,-0.5035
2024/9/16,0050 元大台灣50,176.1651,176.757,175.8692,176.3131,0.1962
2024/9/13,0050 元大台灣50,176.5597,176.9049,175.4254,175.9679,0.0561
2024/9/12,0050 元大台灣50,173.6992,176.2145,173.6992,175.8692,3.7533
2024/9/11,0050 元大台灣50,170.0004,170.1483,169.1619,169.5072,-0.2901
2024/9/10,0050 元大台灣50,171.036,171.036,168.8167,170.0004,0.1744
2024/9/9,0050 元大台灣50,168.0769,169.7538,167.9783,169.7044,-1.5451
2024/9/6,0050 元大台灣50,170.6415,172.5156,169.5072,172.3676,1.4219
2024/9/5,0050 元大台灣50,170.4935,172.269,169.4085,169.951,0.6131
2024/9/4,0050 元大台灣50,168.6688,171.4306,167.6824,168.9153,-4.8875
2024/9/3,0050 元大台灣50,178.5324,179.0256,177.2501,177.5954,-0.4424
2024/9/2,0050 元大台灣50,179.4202,179.9627,178.0392,178.3845,-0.2757
2024/8/30,0050 元大台灣50,178.4831,179.5681,178.1872,178.8777,0.4709
2024/8/29,0050 元大台灣50,177.0529,178.6804,176.7076,178.0392,-1.3661
2024/8/28,0050 元大台灣50,178.0392,180.5052,177.3981,180.5052,1.4131
2024/8/27,0050 元大台灣50,177.9406,178.4338,177.2995,177.9899,-0.4414
2024/8/26,0050 元大台灣50,179.9133,180.8997,178.3352,178.779,0.1658
2024/8/23,0050 元大台灣50,176.5597,178.8777,176.4611,178.4831,0.0553
2024/8/22,0050 元大台灣50,179.6174,180.1106,177.8913,178.3845,-0.5226
2024/8/21,0050 元大台灣50,180.5052,180.5545,178.9763,179.3215,-1.0612
2024/8/20,0050 元大台灣50,182.0833,182.6752,181.1956,181.2449,0.0545
2024/8/19,0050 元大台灣50,180.9983,182.182,180.6531,181.1463,0.1363
2024/8/16,0050 元大台灣50,180.5052,181.1463,179.864,180.8997,2.2582
2024/8/15,0050 元大台灣50,178.1379,178.5324,176.609,176.9049,-0.7746
2024/8/14,0050 元大台灣50,177.8913,179.3708,177.4967,178.2858,1.2605
2024/8/13,0050 元大台灣50,176.8556,177.0529,175.5733,176.0665,0.2527
2024/8/12,0050 元大台灣50,174.8336,177.3488,174.8336,175.6226,1.2511
2024/8/9,0050 元大台灣50,172.6142,174.4883,172.121,173.4526,3.1076
2024/8/8,0050 元大台灣50,168.7181,170.0497,166.696,168.2249,-2.0672
2024/8/7,0050 元大台灣50,167.5344,172.3676,166.696,171.7758,3.9701
2024/8/6,0050 元大台灣50,165.0192,168.0769,158.6078,165.2165,5.5118
2024/8/5,0050 元大台灣50,164.3781,164.3781,156.2405,156.5858,-9.1299
2024/8/2,0050 元大台灣50,175.7213,176.4611,172.3183,172.3183,-5.0543
2024/8/1,0050 元大台灣50,182.4779,182.5765,180.2093,181.4915,1.7418
2024/7/31,0050 元大台灣50,176.4117,178.6804,176.1651,178.3845,0.1384
2024/7/30,0050 元大台灣50,176.8063,178.8283,175.0801,178.1379,0
2024/7/29,0050 元大台灣50,179.3215,179.5188,177.4967,178.1379,0.8939
2024/7/26,0050 元大台灣50,175.6226,177.0036,174.6856,176.5597,-3.9184
2024/7/23,0050 元大台灣50,181.1956,183.7602,181.1956,183.7602,3.0991
2024/7/22,0050 元大台灣50,182.8724,182.8724,177.5954,178.2365,-2.9799
2024/7/19,0050 元大台灣50,186.1768,186.4234,183.6615,183.7109,-2.2823
2024/7/18,0050 元大台灣50,186.0288,188.2975,185.6343,188.0016,-1.8032
2024/7/17,0050 元大台灣50,193.7225,193.8211,190.9607,191.4538,-1.397
2024/7/16,0050 元大台灣50,193.8704,196.287,193.3279,194.1663,0.5846
2024/7/15,0050 元大台灣50,193.9642,194.4058,192.4431,193.0319,0.1783
2024/7/12,0050 元大台灣50,194.504,194.6512,192.345,192.6885,-3.1566
2024/7/11,0050 元大台灣50,196.9083,199.0182,196.2704,198.9691,2.2183
2024/7/10,0050 元大台灣50,193.2773,194.7002,191.3636,194.6512,0.3542
2024/7/9,0050 元大台灣50,193.768,196.3195,191.8052,193.9642,-0.1011
2024/7/8,0050 元大台灣50,188.3214,194.7984,188.2724,194.1605,3.1543
2024/7/5,0050 元大台灣50,189.0084,189.2537,187.978,188.2233,-0.3636
2024/7/4,0050 元大台灣50,187.0457,189.0575,187.0457,188.9103,2.6119
2024/7/3,0050 元大台灣50,184.1016,184.1016,182.924,184.1016,1.2139
2024/7/2,0050 元大台灣50,182.4824,183.2675,181.0594,181.8936,-0.6699
2024/7/1,0050 元大台灣50,183.0712,184.5432,182.7768,183.1203,0.0805
2024/6/28,0050 元大台灣50,181.8445,183.9054,181.2066,182.9731,0.6206
2024/6/27,0050 元大台灣50,180.1762,181.8445,179.98,181.8445,-0.027
2024/6/26,0050 元大台灣50,181.5011,182.6296,180.8141,181.8936,0.7885
2024/6/25,0050 元大台灣50,178.557,180.4706,177.4284,180.4706,-0.0543
2024/6/24,0050 元大台灣50,183.0221,183.0221,180.1272,180.5688,-2.439
2024/6/21,0050 元大台灣50,183.611,185.6718,183.4638,185.083,-0.6061
2024/6/20,0050 元大台灣50,184.4451,186.2115,184.2979,186.2115,0.9577
2024/6/19,0050 元大台灣50,181.3048,185.3774,181.3048,184.4451,2.7049
2024/6/18,0050 元大台灣50,179.0967,179.6365,178.6061,179.5874,1.6667
2024/6/17,0050 元大台灣50,175.8583,177.085,175.4657,176.6434,0
2024/6/14,0050 元大台灣50,175.6129,176.6434,174.4844,176.6434,0.5868
2024/6/13,0050 元大台灣50,175.5639,177.134,174.4844,175.6129,1.4456
2024/6/12,0050 元大台灣50,170.0683,173.1596,170.0683,173.1105,1.7888
2024/6/11,0050 元大台灣50,169.9211,171.0006,169.6758,170.0683,0.2603
2024/6/7,0050 元大台灣50,170.0683,170.1664,169.1851,169.6267,-0.775
2024/6/6,0050 元大台灣50,169.5286,171.3441,169.4304,170.9515,3.4135
2024/6/5,0050 元大台灣50,164.2783,165.6522,163.0516,165.3087,0.9589
2024/6/4,0050 元大台灣50,165.6031,165.6031,163.3951,163.7386,-1.5925
2024/6/3,0050 元大台灣50,165.505,166.5845,164.1802,166.3882,2.1386
2024/5/31,0050 元大台灣50,165.1125,165.7504,162.9044,162.9044,-1.1316
2024/5/30,0050 元大台灣50,164.8671,165.8485,164.5727,164.769,-1.7267
2024/5/29,0050 元大台灣50,169.2342,169.2832,167.3696,167.664,-1.3568
2024/5/28,0050 元大台灣50,169.7248,170.1664,169.2832,169.9702,0.1446
2024/5/27,0050 元大台灣50,168.5472,170.1664,168.5472,169.7248,1.3775
2024/5/24,0050 元大台灣50,166.1429,167.6149,166.1429,167.4187,-0.4086
2024/5/23,0050 元大台灣50,167.1242,168.2528,166.8298,168.1056,0.7647
2024/5/22,0050 元大台灣50,164.0821,166.8298,164.0821,166.8298,1.7964
2024/5/21,0050 元大台灣50,163.297,164.033,162.7572,163.8858,-0.1196
2024/5/20,0050 元大台灣50,164.1311,164.2783,162.2175,164.0821,-0.0299
2024/5/17,0050 元大台灣50,164.4255,164.5727,163.5914,164.1311,-0.1194
2024/5/16,0050 元大台灣50,165.7994,166.5845,163.9839,164.3274,0.48
2024/5/15,0050 元大台灣50,162.5119,164.7199,162.4138,163.5423,1.3686
2024/5/14,0050 元大台灣50,160.1566,161.3833,159.666,161.3343,0.6736
2024/5/13,0050 元大台灣50,160.3038,160.8436,159.9113,160.2548,1.0207
2024/5/10,0050 元大台灣50,158.243,159.0772,157.5561,158.6356,0.7165
2024/5/9,0050 元大台灣50,157.7523,158.243,157.4089,157.507,-0.1245
2024/5/8,0050 元大台灣50,157.0163,157.8014,156.6728,157.7033,0.3748
2024/5/7,0050 元大台灣50,157.2617,157.5561,156.5256,157.1145,0.5653
2024/5/6,0050 元大台灣50,156.035,157.1635,156.035,156.2312,1.4336
2024/5/3,0050 元大台灣50,155.5934,155.6915,153.5325,154.0232,0.5123
2024/5/2,0050 元大台灣50,154.4157,154.4157,153.0909,153.2381,-1.327
2024/4/30,0050 元大台灣50,155.6424,156.3784,155.299,155.299,-0.3463
2024/4/29,0050 元大台灣50,154.3667,156.1331,154.3667,155.8387,1.7949
2024/4/26,0050 元大台灣50,153.0909,153.876,152.6002,153.0909,1.6287
2024/4/25,0050 元大台灣50,151.2263,151.5698,150.3922,150.6375,-1.8228
2024/4/24,0050 元大台灣50,151.1282,153.5816,151.1282,153.4344,2.9296
2024/4/23,0050 元大台灣50,149.3127,149.6071,148.4786,149.0674,0.9638
2024/4/22,0050 元大台灣50,147.5953,148.9202,146.9084,147.6444,-0.2982
2024/4/19,0050 元大台灣50,151.2263,151.2754,146.7121,148.086,-5.0645
2024/4/18,0050 元大台灣50,153.4344,155.9859,152.8946,155.9859,0.9848
2024/4/17,0050 元大台灣50,153.0418,154.7592,152.9928,154.4648,1.1243
2024/4/16,0050 元大台灣50,155.348,155.348,151.8642,152.7474,-2.7188
2024/4/15,0050 元大台灣50,157.2617,157.5561,156.6238,157.0163,-1.2955
2024/4/12,0050 元大台灣50,159.5678,159.7641,158.93,159.0772,-0.2462
2024/4/11,0050 元大台灣50,159.0281,159.4697,158.6356,159.4697,-0.3067
2024/4/10,0050 元大台灣50,159.715,160.2548,159.4206,159.9604,-0.1531
2024/4/9,0050 元大台灣50,157.0163,160.3038,156.9182,160.2057,2.3832
2024/4/8,0050 元大台灣50,155.6915,156.8691,155.5934,156.4766,0.5676
2024/4/3,0050 元大台灣50,155.6915,155.9368,154.8573,155.5934,-0.689
2024/4/2,0050 元大台灣50,155.4952,156.6728,155.4462,156.6728,1.4295
2024/4/1,0050 元大台灣50,155.2499,155.7896,154.3176,154.4648,-0.3167
2024/3/29,0050 元大台灣50,153.9741,155.4462,153.9741,154.9555,0.6373
2024/3/28,0050 元大台灣50,154.3667,154.3667,152.9928,153.9741,-0.4757
2024/3/27,0050 元大台灣50,154.4648,154.9064,153.9741,154.7101,0.0317
2024/3/26,0050 元大台灣50,155.348,156.2312,153.4835,154.6611,0.0635
2024/3/25,0050 元大台灣50,154.2685,155.0536,154.0232,154.5629,0.1908
2024/3/22,0050 元大台灣50,154.5629,155.299,153.5816,154.2685,-0.1271
2024/3/21,0050 元大台灣50,152.6493,154.7592,152.6493,154.4648,2.7415
2024/3/20,0050 元大台灣50,151.3245,152.404,150.1469,150.3431,-0.5518
2024/3/19,0050 元大台灣50,150.5394,151.668,150.1469,151.1773,-0.2267
2024/3/18,0050 元大台灣50,150.1469,151.6189,150.1469,151.5207,0.915
2024/3/15,0050 元大台灣50,151.4226,151.8642,150.1469,150.1469,-1.354
2024/3/14,0050 元大台灣50,152.0114,152.8946,151.4226,152.2077,-0.0966
2024/3/13,0050 元大台灣50,152.6493,153.2381,152.0605,152.3549,0.4854
2024/3/12,0050 元大台灣50,149.3618,151.717,149.2636,151.6189,1.0464
2024/3/11,0050 元大台灣50,150.981,151.3245,149.7052,150.0487,-1.0036
2024/3/8,0050 元大台灣50,152.6984,153.5325,150.1469,151.5698,1.4117
2024/3/7,0050 元大台灣50,148.1842,150.1469,147.9388,149.4599,2.3178
2024/3/6,0050 元大台灣50,144.2587,146.2705,143.6699,146.0742,0.4725
2024/3/5,0050 元大台灣50,144.9948,145.7798,144.6022,145.3873,0.8166
2024/3/4,0050 元大台灣50,142.296,144.455,142.1488,144.2097,2.9062
2024/3/1,0050 元大台灣50,140.8731,141.2656,140.1371,140.1371,-0.3489
2024/2/29,0050 元大台灣50,140.3333,141.2656,140.0389,140.6277,-0.0349
2024/2/27,0050 元大台灣50,141.2656,141.511,139.9899,140.6768,-0.4168
2024/2/26,0050 元大台灣50,141.0203,141.3147,140.3333,141.2656,0.1391
2024/2/23,0050 元大台灣50,140.7749,141.4128,140.6277,141.0694,0.6653
2024/2/22,0050 元大台灣50,140.2843,140.3824,139.2048,140.1371,1.1331
2024/2/21,0050 元大台灣50,138.7632,138.8613,138.4197,138.5669,-0.3177
2024/2/20,0050 元大台灣50,137.929,139.352,137.7818,139.0085,0.3898
2024/2/19,0050 元大台灣50,138.3706,138.616,137.9781,138.4688,-0.1415
2024/2/16,0050 元大台灣50,139.6955,139.6955,138.5669,138.665,-0.7376
2024/2/15,0050 元大台灣50,139.5483,140.0389,138.7632,139.6955,4.7076
2024/2/5,0050 元大台灣50,132.5807,133.6601,132.4825,133.4148,0.6292
2024/2/2,0050 元大台灣50,132.4825,132.6788,132.139,132.5807,0.5582
2024/2/1,0050 元大台灣50,131.8446,131.9918,131.1086,131.8446,0
2024/1/31,0050 元大台灣50,132.7279,132.7769,131.8446,131.8446,-1.3221
2024/1/30,0050 元大台灣50,133.8073,134.1018,133.5129,133.6111,-0.2564
2024/1/29,0050 元大台灣50,133.1204,134.1018,133.0713,133.9545,0.6266
2024/1/26,0050 元大台灣50,133.1204,133.4148,132.7769,133.1204,0
2024/1/25,0050 元大台灣50,132.5316,133.1695,132.3844,133.1204,1.2313
2024/1/24,0050 元大台灣50,131.6484,131.8937,131.4521,131.5012,-0.0373
2024/1/23,0050 元大台灣50,131.403,131.7465,131.0105,131.5502,0.1868
2024/1/22,0050 元大台灣50,131.3049,131.8446,130.8633,131.3049,0.6772
2024/1/19,0050 元大台灣50,129.2441,130.618,128.6552,130.4217,3.5853
2024/1/18,0050 元大台灣50,125.5149,126.1528,125.5149,125.9075,0.6669
2024/1/17,0050 元大台灣50,127.5758,127.5758,124.9261,125.0733,-0.9115
2024/1/16,0050 元大台灣50,126.6346,126.8744,125.7236,126.251,-1.015
2024/1/15,0050 元大台灣50,127.8334,128.0731,127.21,127.5457,0.2639
2024/1/12,0050 元大台灣50,126.7785,127.5936,126.5387,127.21,-0.1505
2024/1/11,0050 元大台灣50,127.0182,127.7854,126.9223,127.4018,0.4157
2024/1/10,0050 元大台灣50,126.9703,127.21,126.5867,126.8744,-0.5263
2024/1/9,0050 元大台灣50,128.3608,128.4567,127.3059,127.5457,0.1883
2024/1/8,0050 元大台灣50,127.5457,128.1211,127.3059,127.3059,0.454
2024/1/5,0050 元大台灣50,127.1141,127.4977,126.6826,126.7305,-0.2642
2024/1/4,0050 元大台灣50,127.1141,127.3059,126.8744,127.0662,-0.0377
2024/1/3,0050 元大台灣50,128.217,128.4088,126.8744,127.1141,-1.742
2024/1/2,0050 元大台灣50,130.039,130.3747,129.128,129.3678,-0.4061
2023/12/29,0050 元大台灣50,130.1349,130.4226,129.7993,129.8952,-0.221
2023/12/28,0050 元大台灣50,130.1829,130.4226,129.8952,130.1829,0
2023/12/27,0050 元大台灣50,128.8883,130.3267,128.8403,130.1829,1.1173
2023/12/26,0050 元大台灣50,128.0252,128.8883,128.0252,128.7444,0.5618
2023/12/25,0050 元大台灣50,127.5457,128.3129,127.4977,128.0252,0.4137
2023/12/22,0050 元大台灣50,127.1621,127.6416,127.1621,127.4977,0.264
2023/12/21,0050 元大台灣50,126.7785,127.258,126.6346,127.1621,-0.8598
2023/12/20,0050 元大台灣50,128.0731,128.3608,127.9293,128.2649,0.2624
2023/12/19,0050 元大台灣50,128.3129,128.3129,127.3059,127.9293,-0.3734
2023/12/18,0050 元大台灣50,128.169,128.4088,127.1621,128.4088,0.1496
2023/12/15,0050 元大台灣50,128.169,128.6965,128.169,128.217,0.4131
2023/12/14,0050 元大台灣50,127.21,127.9772,127.0662,127.6895,1.2163
2023/12/13,0050 元大台灣50,126.2031,126.3949,126.0113,126.1551,0.038
2023/12/12,0050 元大台灣50,126.4908,126.6346,125.9633,126.1072,0.2287
2023/12/11,0050 元大台灣50,125.6756,125.9633,125.292,125.8195,0.1145
2023/12/8,0050 元大台灣50,125.7715,126.2031,125.5318,125.6756,0.8077
2023/12/7,0050 元大台灣50,125.2441,125.292,124.6687,124.6687,-0.6116
2023/12/6,0050 元大台灣50,125.0523,126.0113,125.0523,125.4359,0.3452
2023/12/5,0050 元大台灣50,125.2441,125.2441,124.5728,125.0043,-0.7235
2023/12/4,0050 元大台灣50,126.3949,126.5867,125.5318,125.9154,-0.3794
2023/12/1,0050 元大台灣50,125.6277,126.3949,125.4359,126.3949,0.3426
2023/11/30,0050 元大台灣50,125.9154,126.1072,125.292,125.9633,0.1525
2023/11/29,0050 元大台灣50,125.9154,126.7785,125.6756,125.7715,-0.0762
2023/11/28,0050 元大台灣50,125.0523,126.3949,124.9564,125.8674,0.6904
2023/11/27,0050 元大台灣50,125.8195,126.4428,124.7646,125.0043,-0.6479
2023/11/24,0050 元大台灣50,125.9154,126.251,125.6756,125.8195,-0.0762
2023/11/23,0050 元大台灣50,125.9633,126.0592,125.3879,125.9154,-0.0381
2023/11/22,0050 元大台灣50,125.8674,126.3949,125.7715,125.9633,-0.9053
2023/11/21,0050 元大台灣50,126.0592,127.258,126.0592,127.1141,1.2218
2023/11/20,0050 元大台灣50,125.6756,125.6756,125.1002,125.5797,-0.0382
2023/11/17,0050 元大台灣50,125.2441,126.1072,125.1961,125.6277,0.3063
2023/11/16,0050 元大台灣50,125.4359,125.8195,124.9564,125.2441,0.0383
2023/11/15,0050 元大台灣50,125.5318,125.6277,124.7166,125.1961,1.2016
2023/11/14,0050 元大台灣50,123.9015,124.2851,123.6618,123.7097,0.2331
2023/11/13,0050 元大台灣50,123.9495,124.2851,123.2302,123.422,1.5385
2023/11/10,0050 元大台灣50,121.504,121.6479,121.2163,121.552,-0.3929
2023/11/9,0050 元大台灣50,121.6958,122.1753,121.4561,122.0315,0.0393
2023/11/8,0050 元大台灣50,121.4561,122.2233,121.3122,121.9835,0.5534
2023/11/7,0050 元大台灣50,121.3122,121.5999,120.9286,121.3122,-0.0395
2023/11/6,0050 元大台灣50,121.3602,121.9835,121.1684,121.3602,0.8768
2023/11/3,0050 元大台灣50,119.8738,120.4491,119.5861,120.3053,0.7631
2023/11/2,0050 元大台灣50,118.0996,119.3943,118.0996,119.3943,2.2587
2023/11/1,0050 元大台灣50,116.9968,117.1406,116.2775,116.757,0.4953
2023/10/31,0050 元大台灣50,117.3804,117.4283,116.1337,116.1816,-0.6967
2023/10/30,0050 元大台灣50,117.3804,117.8119,116.757,116.9968,-0.2453
2023/10/27,0050 元大台灣50,117.1406,117.716,117.0927,117.2845,0.4517
2023/10/26,0050 元大台灣50,116.8529,117.3804,116.6132,116.757,-1.9726
2023/10/25,0050 元大台灣50,119.1066,119.7779,119.1066,119.1066,0.2017
2023/10/24,0050 元大台灣50,118.723,118.8668,117.6681,118.8668,0.0807
2023/10/23,0050 元大台灣50,119.7299,119.7299,118.4832,118.7709,-1.236
2023/10/20,0050 元大台灣50,119.634,120.3053,118.8189,120.2573,0.4405
2023/10/19,0050 元大台灣50,119.2984,120.0655,119.2984,119.7299,0.0401
2023/10/18,0050 元大台灣50,121.0725,121.0725,119.682,119.682,-1.3829
2023/10/17,0050 元大台灣50,121.504,121.7917,121.2163,121.3602,0.2376
2023/10/16,0050 元大台灣50,121.1204,121.1204,120.545,121.0725,-0.5514
2023/10/13,0050 元大台灣50,121.7917,122.1753,121.3122,121.7438,-0.2749
2023/10/12,0050 元大台灣50,121.3122,122.1274,121.1204,122.0794,0.8317
2023/10/11,0050 元大台灣50,120.7368,121.2163,120.6889,121.0725,1.7325
2023/10/6,0050 元大台灣50,118.723,119.2025,118.723,119.0107,0.3639
2023/10/5,0050 元大台灣50,117.3804,118.5791,117.3804,118.5791,1.4356
2023/10/4,0050 元大台灣50,117.0927,117.1886,116.3734,116.9009,-1.2955
2023/10/3,0050 元大台灣50,118.8668,119.0586,118.3873,118.4353,-0.6036
2023/10/2,0050 元大台灣50,118.5312,119.3943,118.5312,119.1545,1.3045
2023/9/28,0050 元大台灣50,117.716,118.0996,117.0447,117.6201,0.4093
2023/9/27,0050 元大台灣50,116.8529,117.2845,116.5652,117.1406,0.041
2023/9/26,0050 元大台灣50,117.6201,117.9558,116.9968,117.0927,-1.1736
2023/9/25,0050 元大台灣50,117.716,118.675,117.716,118.4832,0.7338
2023/9/22,0050 元大台灣50,117.4283,117.764,117.0447,117.6201,-0.0815
2023/9/21,0050 元大台灣50,118.723,118.7709,117.6201,117.716,-1.6032
2023/9/20,0050 元大台灣50,119.9217,120.0655,119.3943,119.634,-0.558
2023/9/19,0050 元大台灣50,120.6889,120.8807,120.2094,120.3053,-0.4365
2023/9/18,0050 元大台灣50,121.4081,121.4081,120.6889,120.8327,-1.0601
2023/9/15,0050 元大台灣50,121.7917,122.1274,121.552,122.1274,0.3151
2023/9/14,0050 元大台灣50,120.7368,121.7438,120.4012,121.7438,1.3978
2023/9/13,0050 元大台灣50,120.0655,120.4491,119.5861,120.0655,0.12
2023/9/12,0050 元大台灣50,119.0107,119.9217,118.7709,119.9217,1.0097
2023/9/11,0050 元大台灣50,119.3463,119.3943,118.3394,118.723,-0.4023
2023/9/8,0050 元大台灣50,119.0107,119.3943,118.7709,119.2025,-0.4405
2023/9/7,0050 元大台灣50,120.1614,120.3532,119.5861,119.7299,-0.9127
2023/9/6,0050 元大台灣50,121.4081,121.504,120.6889,120.8327,-0.3559
2023/9/5,0050 元大台灣50,121.3602,121.4081,120.8807,121.2643,-0.2367
2023/9/4,0050 元大台灣50,120.7368,121.5999,120.4491,121.552,0.6751
2023/9/1,0050 元大台灣50,120.3532,121.1204,119.9696,120.7368,0.1591
2023/8/31,0050 元大台灣50,121.3602,121.3602,120.3532,120.545,-0.7109
2023/8/30,0050 元大台灣50,121.552,121.8397,120.9286,121.4081,0.4363
2023/8/29,0050 元大台灣50,120.8327,120.8807,119.5861,120.8807,0.5584
2023/8/28,0050 元大台灣50,119.7299,120.545,119.634,120.2094,0.6423
2023/8/25,0050 元大台灣50,120.3532,120.3532,119.3943,119.4422,-1.9291
2023/8/24,0050 元大台灣50,121.2163,121.8876,121.0725,121.7917,1.7221
2023/8/23,0050 元大台灣50,118.9148,120.0176,118.9148,119.7299,0.6855
2023/8/22,0050 元大台灣50,118.9148,119.2504,118.6271,118.9148,0.813
2023/8/21,0050 元大台灣50,119.1066,119.3463,117.9558,117.9558,-0.6863
2023/8/18,0050 元大台灣50,119.1066,119.682,118.6271,118.7709,-0.6019
2023/8/17,0050 元大台灣50,118.5312,119.5381,117.8599,119.4902,0.4434
2023/8/16,0050 元大台灣50,119.0586,119.2984,118.5312,118.9627,-0.5213
2023/8/15,0050 元大台灣50,120.1135,120.3053,119.4902,119.5861,0.1606
2023/8/14,0050 元大台灣50,120.4971,120.545,119.0107,119.3943,-1.4252
2023/8/11,0050 元大台灣50,121.7917,122.1274,120.9766,121.1204,-0.0791
2023/8/10,0050 元大台灣50,121.6958,121.7917,121.1204,121.2163,-0.6289
2023/8/9,0050 元大台灣50,121.5999,122.4151,121.4561,121.9835,0.1575
2023/8/8,0050 元大台灣50,122.8466,122.9425,121.2163,121.7917,-1.1673
2023/8/7,0050 元大台灣50,122.4151,123.422,122.3192,123.2302,0.9823
2023/8/4,0050 元大台灣50,122.0315,122.2712,121.6958,122.0315,-0.4693
2023/8/2,0050 元大台灣50,124.0933,124.1413,122.2233,122.6069,-1.236
2023/8/1,0050 元大台灣50,123.7097,124.2372,123.5659,124.1413,0.5047
2023/7/31,0050 元大台灣50,124.9564,125.292,122.9905,123.5179,-0.5405
2023/7/28,0050 元大台灣50,124.0933,124.5728,123.7097,124.1892,0
2023/7/27,0050 元大台灣50,123.8536,124.1892,123.7097,124.1892,0.7782
2023/7/26,0050 元大台灣50,123.8056,123.9015,123.0864,123.2302,-0.2716
2023/7/25,0050 元大台灣50,122.463,123.9015,122.463,123.5659,1.2574
2023/7/24,0050 元大台灣50,121.7917,122.4151,121.4081,122.0315,0.0393
2023/7/21,0050 元大台灣50,122.1753,122.1753,121.3122,121.9835,-1.6622
2023/7/20,0050 元大台灣50,123.7577,124.381,123.7097,124.0454,0.466
2023/7/19,0050 元大台灣50,124.8125,125.1482,123.47,123.47,-0.8471
2023/7/18,0050 元大台灣50,125.6277,125.6277,124.381,124.5249,-0.1894
2023/7/17,0050 元大台灣50,124.7646,124.9536,124.5283,124.7646,-0.189
2023/7/14,0050 元大台灣50,124.2447,125.2371,124.2447,125.0008,1.0313
2023/7/13,0050 元大台灣50,124.1029,124.67,123.6776,123.7248,1.1201
2023/7/12,0050 元大台灣50,122.2125,122.3543,121.7872,122.3543,0.1935
2023/7/11,0050 元大台灣50,120.9838,122.118,120.9838,122.118,1.3731
2023/7/10,0050 元大台灣50,121.0783,121.4564,120.0386,120.464,-0.1958
2023/7/7,0050 元大台灣50,120.5585,121.2674,120.1331,120.7003,-0.1564
2023/7/6,0050 元大台灣50,122.5906,122.5906,120.7003,120.8893,-2.2171
2023/7/5,0050 元大台灣50,123.8194,124.0084,123.2523,123.6303,-0.1527
2023/7/4,0050 元大台灣50,123.5831,123.9611,123.394,123.8194,0.2295
2023/7/3,0050 元大台灣50,122.4961,123.5358,122.4961,123.5358,1.2393
2023/6/30,0050 元大台灣50,121.74,122.0235,121.2674,122.0235,0.0387
2023/6/29,0050 元大台灣50,122.6379,123.3468,121.8345,121.9763,-0.0387
2023/6/28,0050 元大台灣50,122.2598,122.5906,121.74,122.0235,0.1552
2023/6/27,0050 元大台灣50,122.0708,122.4488,121.6454,121.8345,-0.6551
2023/6/26,0050 元大台灣50,123.205,123.205,122.3071,122.6379,-0.6128
2023/6/21,0050 元大台灣50,123.394,123.8666,123.1105,123.394,0
2023/6/20,0050 元大台灣50,123.9139,124.0557,123.205,123.394,-0.5333
2023/6/19,0050 元大台灣50,123.7721,124.292,123.394,124.0557,-0.2281
2023/6/16,0050 元大台灣50,124.5755,124.5755,123.9139,124.3392,-0.2654
2023/6/15,0050 元大台灣50,124.3392,124.7646,124.292,124.67,0.3042
2023/6/14,0050 元大台灣50,124.1974,124.3865,123.8194,124.292,-0.038
2023/6/13,0050 元大台灣50,123.0632,124.7173,123.0632,124.3392,1.9767
2023/6/12,0050 元大台灣50,121.4564,122.2125,121.4564,121.929,0.939
2023/6/9,0050 元大台灣50,120.5112,121.1728,120.4167,120.7948,0.7489
2023/6/8,0050 元大台灣50,120.8893,121.1728,119.6133,119.8968,-0.9758
2023/6/7,0050 元大台灣50,120.0386,121.2201,120.0386,121.0783,1.105
2023/6/6,0050 元大台灣50,119.4243,120.2749,119.2352,119.7551,0.277
2023/6/5,0050 元大台灣50,119.8023,119.8496,119.3297,119.4243,-0.3156
2023/6/2,0050 元大台灣50,118.9044,120.0386,118.9044,119.8023,1.2785
2023/6/1,0050 元大台灣50,118.4791,118.7154,118.0537,118.29,-0.7927
2023/5/31,0050 元大台灣50,119.7551,119.7551,118.29,119.2352,-0.4734
2023/5/30,0050 元大台灣50,119.8023,120.0859,119.5188,119.8023,0
2023/5/29,0050 元大台灣50,120.464,120.5585,119.566,119.8023,0.6352
2023/5/26,0050 元大台灣50,118.1482,119.1407,118.1482,119.0462,2.3568
2023/5/25,0050 元大台灣50,116.2579,116.636,115.738,116.3051,1.1924
2023/5/24,0050 元大台灣50,114.9819,115.1237,114.462,114.9346,-0.491
2023/5/23,0050 元大台灣50,115.5962,115.9271,115.1237,115.5017,-0.0818
2023/5/22,0050 元大台灣50,115.7853,115.9271,115.4072,115.5962,-0.1633
2023/5/19,0050 元大台灣50,115.8798,116.1161,115.5017,115.7853,0.2865
2023/5/18,0050 元大台灣50,115.1237,115.6908,114.9346,115.4545,1.3273
2023/5/17,0050 元大台灣50,112.1463,114.084,112.1463,113.9422,1.6442
2023/5/16,0050 元大台灣50,111.4374,112.4771,111.3902,112.0991,1.1945
2023/5/15,0050 元大台灣50,110.5395,110.9176,110.2559,110.7758,0
2023/5/12,0050 元大台灣50,110.7285,111.0594,110.3505,110.7758,-0.2977
2023/5/11,0050 元大台灣50,111.7682,111.9573,111.1066,111.1066,-0.2122
2023/5/10,0050 元大台灣50,112.2881,112.2881,111.2011,111.3429,-0.9251
2023/5/9,0050 元大台灣50,112.0991,112.4771,111.8155,112.3826,0.2952
2023/5/8,0050 元大台灣50,112.0045,112.3826,111.8628,112.0518,0.6367
2023/5/5,0050 元大台灣50,111.2484,111.5792,110.9648,111.3429,0.2553
2023/5/4,0050 元大台灣50,110.5868,111.0594,110.3032,111.0594,0.256
2023/5/3,0050 元大台灣50,110.9176,110.9176,110.3977,110.7758,-0.4248
2023/5/2,0050 元大台灣50,111.0121,111.5319,110.6813,111.2484,0.2555
2023/4/28,0050 元大台灣50,110.445,111.1066,110.445,110.9648,1.2069
2023/4/27,0050 元大台灣50,109.6888,110.2559,109.169,109.6416,-0.0861
2023/4/26,0050 元大台灣50,110.1614,110.2087,109.3108,109.7361,-0.4288
2023/4/25,0050 元大台灣50,111.8155,111.8155,110.1614,110.2087,-1.3119
2023/4/24,0050 元大台灣50,111.3429,112.0045,111.2484,111.6737,-0.3794
2023/4/21,0050 元大台灣50,112.9025,112.997,112.0045,112.0991,-0.2523
2023/4/20,0050 元大台灣50,112.3354,112.8552,111.91,112.3826,-0.126
2023/4/19,0050 元大台灣50,113.4223,113.4696,112.2881,112.5244,-0.7503
2023/4/18,0050 元大台灣50,113.7531,113.8004,113.186,113.3751,-0.3324
2023/4/17,0050 元大台灣50,113.7531,113.8949,113.2333,113.7531,-0.2487
2023/4/14,0050 元大台灣50,113.4223,114.273,113.2805,114.0367,0.9623
2023/4/13,0050 元大台灣50,113.4696,113.5641,112.9497,112.9497,-0.871
2023/4/12,0050 元大台灣50,114.2257,114.2257,113.5641,113.9422,-0.2482
2023/4/11,0050 元大台灣50,114.3675,114.5093,113.8004,114.2257,-0.124
2023/4/10,0050 元大台灣50,114.6038,114.9819,114.273,114.3675,0
2023/4/7,0050 元大台灣50,114.6038,114.7928,114.1785,114.3675,0
2023/4/6,0050 元大台灣50,114.2257,114.3675,113.6114,114.3675,-0.4934
2023/3/31,0050 元大台灣50,115.0291,115.6435,114.7456,114.9346,0.33
2023/3/30,0050 元大台灣50,114.7456,115.0291,114.1312,114.5565,0.4975
2023/3/29,0050 元大台灣50,114.0367,114.4148,113.5641,113.9894,0.1661
2023/3/28,0050 元大台灣50,114.3202,114.5093,113.6114,113.8004,-0.8646
2023/3/27,0050 元大台灣50,115.0764,115.2182,114.5565,114.7928,-0.6137
2023/3/24,0050 元大台灣50,115.3127,115.5962,114.8874,115.5017,0.2872
2023/3/23,0050 元大台灣50,114.0367,115.5962,113.8477,115.1709,0.7858
2023/3/22,0050 元大台灣50,112.9025,114.273,112.9025,114.273,1.8963
2023/3/21,0050 元大台灣50,112.0045,112.2408,111.721,112.1463,0.4657
2023/3/20,0050 元大台灣50,112.4299,112.5244,111.3902,111.6265,-0.7146
2023/3/17,0050 元大台灣50,111.3902,112.4299,111.3429,112.4299,1.6232
2023/3/16,0050 元大台灣50,110.7758,110.9648,110.1142,110.634,-0.4677
2023/3/15,0050 元大台灣50,111.91,112.1936,111.0121,111.1539,0.0851
2023/3/14,0050 元大台灣50,111.1066,111.4847,110.7285,111.0594,-1.0943
2023/3/13,0050 元大台灣50,111.4847,112.5717,110.9648,112.2881,0.4227
2023/3/10,0050 元大台灣50,112.3354,112.4299,111.5319,111.8155,-1.5807
2023/3/9,0050 元大台灣50,114.1312,114.1785,113.6114,113.6114,-0.0831
2023/3/8,0050 元大台灣50,113.8949,113.9894,113.2333,113.7059,-0.8244
2023/3/7,0050 元大台灣50,113.9422,114.7456,113.6114,114.6511,0.6639
2023/3/6,0050 元大台灣50,113.5641,114.273,113.3278,113.8949,0.9636
2023/3/3,0050 元大台灣50,113.2333,113.5168,112.6662,112.8079,0.0839
2023/3/2,0050 元大台灣50,112.8079,112.8079,111.8155,112.7134,-0.0838
2023/3/1,0050 元大台灣50,110.8703,112.9025,110.445,112.8079,0.463
2023/2/24,0050 元大台灣50,113.3278,113.5168,112.2881,112.2881,-0.5025
2023/2/23,0050 元大台灣50,111.4847,113.2333,111.4847,112.8552,1.4875
2023/2/22,0050 元大台灣50,111.0594,111.2957,110.6813,111.2011,-1.0929
2023/2/21,0050 元大台灣50,112.4771,112.5717,112.0518,112.4299,-0.042
2023/2/20,0050 元大台灣50,112.0518,112.8079,111.6265,112.4771,0.2105
2023/2/17,0050 元大台灣50,112.7607,112.7607,111.91,112.2408,-1.2884
2023/2/16,0050 元大台灣50,112.7607,113.8949,112.7607,113.7059,1.22
2023/2/15,0050 元大台灣50,113.3751,113.6586,112.2881,112.3354,-2.3017
2023/2/14,0050 元大台灣50,114.6038,115.1237,114.6038,114.9819,0.7453
2023/2/13,0050 元大台灣50,114.084,114.273,113.3278,114.1312,-0.2066
2023/2/10,0050 元大台灣50,114.273,114.462,113.9894,114.3675,0.0827
2023/2/9,0050 元大台灣50,113.8949,114.3675,113.7059,114.273,0.0414
2023/2/8,0050 元大台灣50,113.5168,114.3202,113.4223,114.2257,1.5546
2023/2/7,0050 元大台灣50,112.5717,112.7134,112.0518,112.4771,-0.2096
2023/2/6,0050 元大台灣50,113.5168,113.5168,112.7134,112.7134,-1.4463
2023/2/3,0050 元大台灣50,114.3202,114.5565,113.6114,114.3675,0
2023/2/2,0050 元大台灣50,113.7059,114.462,113.6586,114.3675,1.6807
2023/2/1,0050 元大台灣50,112.5717,112.9025,111.9573,112.4771,0.5917
2023/1/31,0050 元大台灣50,113.9894,113.9894,111.8155,111.8155,-1.9884
2023/1/30,0050 元大台灣50,114.1785,114.3675,113.4223,114.084,4.403
2023/1/17,0050 元大台灣50,109.4001,109.4001,108.8917,109.169,0
2023/1/16,0050 元大台灣50,109.169,109.585,109.0766,109.169,0.7679
2023/1/13,0050 元大台灣50,109.5388,109.6312,108.106,108.3371,1.1653
2023/1/12,0050 元大台灣50,107.69,107.7825,106.9043,107.0892,-0.4297
2023/1/11,0050 元大台灣50,107.8287,107.9211,107.1354,107.5514,0.086
2023/1/10,0050 元大台灣50,107.1816,107.5976,106.9968,107.4589,0.3886
2023/1/9,0050 元大台灣50,105.3791,107.043,105.2867,107.043,3.5778
2023/1/6,0050 元大台灣50,102.7908,103.7152,102.7446,103.3455,0.4492
2023/1/5,0050 元大台灣50,102.8371,103.253,102.5597,102.8833,0.724
2023/1/4,0050 元大台灣50,101.9589,102.4211,101.774,102.1438,-0.2257
2023/1/3,0050 元大台灣50,101.3118,102.5135,100.2488,102.3749,0.4991
2022/12/30,0050 元大台灣50,102.2362,102.3749,101.8665,101.8665,0.6393
2022/12/29,0050 元大台灣50,100.9421,101.3118,100.2026,101.2194,-0.4545
2022/12/28,0050 元大台灣50,102.1438,102.1438,101.127,101.6816,-1.4337
2022/12/27,0050 元大台灣50,102.9757,103.7614,102.9757,103.1606,0.45
2022/12/26,0050 元大台灣50,102.4211,102.7908,102.3286,102.6984,0.3613
2022/12/23,0050 元大台灣50,102.3286,102.6522,102.0513,102.3286,-1.6874
2022/12/22,0050 元大台灣50,103.2992,104.2236,103.2992,104.085,1.6704
2022/12/21,0050 元大台灣50,102.4211,102.9757,101.9589,102.3749,0.408
2022/12/20,0050 元大台灣50,103.669,103.9925,101.7278,101.9589,-1.8247
2022/12/19,0050 元大台灣50,103.8539,104.4085,103.5303,103.8539,-0.5752
2022/12/16,0050 元大台灣50,103.9925,104.732,103.7614,104.4547,-1.6536
2022/12/15,0050 元大台灣50,105.6564,106.3497,105.2867,106.211,0.0871
2022/12/14,0050 元大台灣50,105.4715,106.3035,105.3791,106.1186,1.2346
2022/12/13,0050 元大台灣50,105.8413,105.8413,104.6858,104.8245,-0.439
2022/12/12,0050 元大台灣50,105.564,105.564,104.6858,105.2867,-0.9565
2022/12/9,0050 元大台灣50,105.3791,106.5346,105.3329,106.3035,1.5453
2022/12/8,0050 元大台灣50,105.4253,105.4715,103.9463,104.6858,-1.178
2022/12/7,0050 元大台灣50,105.8413,107.0892,105.564,105.9337,-0.6071
2022/12/6,0050 元大台灣50,107.9674,107.9674,106.4883,106.5808,-1.8306
2022/12/5,0050 元大台灣50,108.4295,109.5388,108.3371,108.5682,0.1279
2022/12/2,0050 元大台灣50,108.4295,109.0304,108.1522,108.4295,-0.8872
2022/12/1,0050 元大台灣50,110.1859,110.4632,109.0766,109.4001,1.719
2022/11/30,0050 元大台灣50,106.3959,107.5976,106.1648,107.5514,0.8232
2022/11/29,0050 元大台灣50,105.2404,106.6732,104.5472,106.6732,0.9182
2022/11/28,0050 元大台灣50,105.9337,106.5808,105.2867,105.7026,-2.0137
2022/11/25,0050 元大台灣50,107.8287,108.106,107.5514,107.8749,0
2022/11/24,0050 元大台灣50,107.2278,108.0136,107.1354,107.8749,0.9516
2022/11/23,0050 元大台灣50,106.9043,107.1354,106.3497,106.8581,0.6969
2022/11/22,0050 元大台灣50,104.8245,106.3035,104.5009,106.1186,0.8344
2022/11/21,0050 元大台灣50,105.7026,105.9799,105.1018,105.2404,-0.3501
2022/11/18,0050 元大台灣50,106.211,107.0892,105.4253,105.6102,-0.2619
2022/11/17,0050 元大台灣50,105.3329,105.9799,104.3161,105.8875,0.0437
2022/11/16,0050 元大台灣50,106.3035,106.9968,105.2404,105.8413,-0.1744
2022/11/15,0050 元大台灣50,102.7908,106.2573,102.7908,106.0262,4.2727
2022/11/14,0050 元大台灣50,101.4967,102.0513,101.127,101.6816,0.9174
2022/11/11,0050 元大台灣50,100.3412,100.7572,99.6479,100.7572,5.314
2022/11/10,0050 元大台灣50,95.6269,95.9967,95.3958,95.6731,-0.9569
2022/11/9,0050 元大台灣50,94.795,96.5975,94.795,96.5975,2.8543
2022/11/8,0050 元大台灣50,93.7781,94.2403,93.5933,93.9168,1.0443
2022/11/7,0050 元大台灣50,92.2529,93.2235,92.0218,92.9462,1.7198
2022/11/4,0050 元大台灣50,90.6815,91.4672,90.1269,91.3748,0.152
2022/11/3,0050 元大台灣50,91.0512,91.3748,90.9126,91.2361,-1.3
2022/11/2,0050 元大台灣50,92.068,92.484,91.8832,92.4378,0.4016
2022/11/1,0050 元大台灣50,91.3748,92.3916,91.3285,92.068,0.5553
2022/10/31,0050 元大台灣50,91.3748,91.837,90.6815,91.5596,1.3299
2022/10/28,0050 元大台灣50,91.1437,91.1437,89.8958,90.3579,-1.2626
2022/10/27,0050 元大台灣50,91.0512,91.837,91.0512,91.5134,1.4344
2022/10/26,0050 元大台灣50,89.526,90.589,89.2025,90.2193,0.9307
2022/10/25,0050 元大台灣50,91.1437,91.1437,89.2025,89.3874,-1.927
2022/10/24,0050 元大台灣50,93.1311,93.1773,91.1437,91.1437,-0.3033
2022/10/21,0050 元大台灣50,91.7907,92.2991,91.2361,91.421,-0.3024
2022/10/20,0050 元大台灣50,90.7739,91.9294,89.9882,91.6983,-0.5514
2022/10/19,0050 元大台灣50,93.1773,93.3622,92.0218,92.2067,-1.3353
2022/10/18,0050 元大台灣50,93.8244,93.8706,92.3916,93.4546,1.1506
2022/10/17,0050 元大台灣50,92.3916,92.5302,91.5596,92.3916,-1.8655
2022/10/14,0050 元大台灣50,94.0555,94.5639,93.4546,94.1479,2.8788
2022/10/13,0050 元大台灣50,92.9462,92.9462,91.5134,91.5134,-1.1976
2022/10/12,0050 元大台灣50,92.8076,93.0849,92.0218,92.6227,-0.4965
2022/10/11,0050 元大台灣50,94.2866,94.4252,92.9,93.0849,-5.1789
2022/10/7,0050 元大台灣50,99.2782,99.2782,98.0765,98.1689,-1.6667
2022/10/6,0050 元大台灣50,99.6479,99.8328,99.3706,99.8328,0.6993
2022/10/5,0050 元大台灣50,98.4463,99.6942,98.3076,99.1395,2.3378
2022/10/4,0050 元大台灣50,96.6437,96.8748,96.2277,96.8748,2.544
2022/10/3,0050 元大台灣50,94.7487,95.7656,94.3328,94.4714,-1.2083
2022/9/30,0050 元大台灣50,95.4882,96.0429,95.2109,95.6269,-1.3823
2022/9/29,0050 元大台灣50,98.4,98.4,96.6899,96.9673,-0.3325
2022/9/28,0050 元大台灣50,99.4631,99.5093,97.2908,97.2908,-2.093
2022/9/27,0050 元大台灣50,99.6479,99.7866,98.9084,99.3706,-0.1393
2022/9/26,0050 元大台灣50,99.879,99.879,99.0471,99.5093,-1.8687
2022/9/23,0050 元大台灣50,101.9127,102.0051,101.0807,101.4043,-0.9481
2022/9/22,0050 元大台灣50,102.0513,102.3749,101.2194,102.3749,-1.2043
2022/9/21,0050 元大台灣50,104.2698,104.2698,103.3455,103.6228,-0.8403
2022/9/20,0050 元大台灣50,104.0387,104.5934,103.7614,104.5009,0.8925
2022/9/19,0050 元大台灣50,104.4085,104.4085,103.4379,103.5766,-0.4442
2022/9/16,0050 元大台灣50,104.1312,104.3161,103.8076,104.0387,-1.1419
2022/9/15,0050 元大台灣50,104.9169,105.6102,104.6396,105.2404,0.176
2022/9/14,0050 元大台灣50,104.5009,105.3329,104.2698,105.0556,-2.0259
2022/9/13,0050 元大台灣50,107.3203,107.5976,106.9968,107.2278,0.5199
2022/9/12,0050 元大台灣50,106.5808,106.9043,106.3035,106.6732,2.1239
2022/9/8,0050 元大台灣50,104.5009,104.5009,103.9001,104.4547,0.713
2022/9/7,0050 元大台灣50,104.5472,104.5934,103.6228,103.7152,-2.3499
2022/9/6,0050 元大台灣50,106.1186,106.6732,105.6102,106.211,0.657
2022/9/5,0050 元大台灣50,105.4715,106.0724,105.1018,105.5177,0.2195
2022/9/2,0050 元大台灣50,106.3959,106.3959,105.2404,105.2867,-1.0855
2022/9/1,0050 元大台灣50,106.7657,106.8581,106.0724,106.4421,-2.0833
2022/8/31,0050 元大台灣50,107.1816,108.7069,107.043,108.7069,0.7281
2022/8/30,0050 元大台灣50,107.7363,108.3371,107.4127,107.9211,0.1716
2022/8/29,0050 元大台灣50,107.4589,108.106,107.2278,107.7363,-2.5502
2022/8/26,0050 元大台灣50,110.7867,111.0178,110.417,110.5556,0.5042
2022/8/25,0050 元大台灣50,109.5388,110.417,109.4926,110.001,0.933
2022/8/24,0050 元大台灣50,109.8161,109.9548,108.7531,108.9842,-0.2538
2022/8/23,0050 元大台灣50,109.585,110.001,109.2615,109.2615,-1.3356
2022/8/22,0050 元大台灣50,110.9254,111.1565,110.648,110.7405,-1.4397
2022/8/19,0050 元大台灣50,112.0808,112.7741,111.7573,112.3581,0.1648
2022/8/18,0050 元大台灣50,112.2195,112.2657,111.8035,112.1733,-0.6549
2022/8/17,0050 元大台灣50,112.8666,113.0514,112.5892,112.9128,0.041
2022/8/16,0050 元大台灣50,112.7741,113.0514,112.6817,112.8666,0.1641
2022/8/15,0050 元大台灣50,112.2657,112.8666,112.0808,112.6817,0.9106
2022/8/12,0050 元大台灣50,111.4338,111.8497,111.2027,111.6649,0.6247
2022/8/11,0050 元大台灣50,110.7405,111.3413,110.5556,110.9716,1.8236
2022/8/10,0050 元大台灣50,109.0766,109.2615,108.6144,108.9842,-1.0491
2022/8/9,0050 元大台灣50,109.4464,110.4632,109.0766,110.1396,-0.0839
2022/8/8,0050 元大台灣50,110.001,110.2321,109.3539,110.2321,-0.2092
2022/8/5,0050 元大台灣50,109.0766,110.4632,108.9842,110.4632,2.5311
2022/8/4,0050 元大台灣50,107.5514,107.9674,106.4883,107.7363,0.2581
2022/8/3,0050 元大台灣50,106.9043,107.4589,106.7657,107.4589,0.6058
2022/8/2,0050 元大台灣50,107.7363,107.7363,106.3959,106.8119,-1.785
2022/8/1,0050 元大台灣50,109.169,109.169,108.3371,108.7531,-0.2966
2022/7/29,0050 元大台灣50,109.2153,109.5388,108.7531,109.0766,0.941
2022/7/28,0050 元大台灣50,108.9379,109.0304,108.0598,108.0598,0.1714
2022/7/27,0050 元大台灣50,106.7657,107.8749,106.4421,107.8749,0.9079
2022/7/26,0050 元大台灣50,107.7825,107.7825,106.5808,106.9043,-0.8997
2022/7/25,0050 元大台灣50,107.5052,108.106,107.2278,107.8749,-0.0856
2022/7/22,0050 元大台灣50,107.7825,108.3371,107.5052,107.9674,0.3868
2022/7/21,0050 元大台灣50,106.6732,107.5514,106.3035,107.5514,1.1299
2022/7/20,0050 元大台灣50,107.0892,107.4127,106.0262,106.3497,0.6562
2022/7/19,0050 元大台灣50,105.3329,105.9799,105.0093,105.6564,0.0876
2022/7/18,0050 元大台灣50,105.9799,106.1648,105.3329,105.564,0.4329
2022/7/15,0050 元大台灣50,104.2828,105.2383,103.5093,105.1018,1.3158
2022/7/14,0050 元大台灣50,102.5538,103.9643,101.7349,103.7368,0.4848
2022/7/13,0050 元大台灣50,102.8268,103.4183,102.4628,103.2363,3.56
2022/7/12,0050 元大台灣50,100.9614,100.9614,99.3234,99.6874,-2.4053
2022/7/11,0050 元大台灣50,103.4183,103.4638,101.7804,102.1444,-0.883
2022/7/8,0050 元大台灣50,103.0998,103.6458,102.1899,103.0543,1.0259
2022/7/7,0050 元大台灣50,99.5964,102.0534,98.7775,102.0079,2.9858
2022/7/6,0050 元大台灣50,101.0069,101.0524,98.6865,99.0505,-1.9369
2022/7/5,0050 元大台灣50,102.4173,102.7813,99.1869,101.0069,0.498
2022/7/4,0050 元大台灣50,101.2344,102.0989,100.0969,100.5064,-0.9861
2022/7/1,0050 元大台灣50,105.2383,105.2383,101.1889,101.5074,-3.6701
2022/6/30,0050 元大台灣50,107.1037,107.1947,105.1018,105.3748,-2.5253
2022/6/29,0050 元大台灣50,108.0137,108.7872,107.8317,108.1047,-0.8347
2022/6/28,0050 元大台灣50,109.9246,109.9246,108.5142,109.0146,-0.9508
2022/6/27,0050 元大台灣50,109.0146,110.5161,109.0146,110.0611,2.3699
2022/6/24,0050 元大台灣50,107.9682,108.5597,107.3312,107.5132,0.212
2022/6/23,0050 元大台灣50,109.0146,109.0146,106.6942,107.2857,-1.3389
2022/6/22,0050 元大台灣50,110.7436,110.7436,108.6052,108.7417,-2.2095
2022/6/21,0050 元大台灣50,110.0611,111.1986,109.5151,111.1986,2.0459
2022/6/20,0050 元大台灣50,110.0156,110.0611,108.7417,108.9691,-0.9102
2022/6/17,0050 元大台灣50,110.1066,110.5616,109.5606,109.9701,-1.3469
2022/6/16,0050 元大台灣50,112.9275,113.7465,111.2441,111.4716,-0.2037
2022/6/15,0050 元大台灣50,111.9266,112.4725,111.6081,111.6991,-0.4864
2022/6/14,0050 元大台灣50,111.5626,112.427,111.1076,112.245,-0.1619
2022/6/13,0050 元大台灣50,112.9275,113.064,112.336,112.427,-2.7931
2022/6/10,0050 元大台灣50,115.3844,115.9304,115.0205,115.6574,-1.0125
2022/6/9,0050 元大台灣50,116.6584,116.9314,116.1579,116.8404,-0.3106
2022/6/8,0050 元大台灣50,116.9314,117.4774,116.6129,117.2044,1.0989
2022/6/7,0050 元大台灣50,116.4309,116.4309,115.4299,115.9304,-1.0101
2022/6/6,0050 元大台灣50,116.7039,117.3864,115.9759,117.1134,0.7042
2022/6/2,0050 元大台灣50,116.8859,116.8859,116.1124,116.2944,-1.0453
2022/6/1,0050 元大台灣50,117.6594,118.3419,117.3864,117.5229,-0.5008
2022/5/31,0050 元大台灣50,116.8859,118.1144,116.1124,118.1144,0.9724
2022/5/30,0050 元大台灣50,115.7939,117.0224,115.6119,116.9769,2.4303
2022/5/27,0050 元大台灣50,112.973,114.4745,112.882,114.2015,2.1155
2022/5/26,0050 元大台灣50,113.7465,113.7465,111.7901,111.8356,-1.2455
2022/5/25,0050 元大台灣50,112.5635,113.4735,112.336,113.246,0.7692
2022/5/24,0050 元大台灣50,113.7465,113.9285,112.2905,112.3815,-1.1209
2022/5/23,0050 元大台灣50,114.0195,114.2925,113.2915,113.6555,0.2006
2022/5/20,0050 元大台灣50,112.609,113.701,112.518,113.428,1.0949
2022/5/19,0050 元大台灣50,112.336,112.6545,111.6081,112.1995,-1.9093
2022/5/18,0050 元大台灣50,114.065,114.6565,113.974,114.3835,1.0856
2022/5/17,0050 元大台灣50,112.0631,113.2915,112.0631,113.155,1.0976
2022/5/16,0050 元大台灣50,112.336,112.8365,111.4716,111.9266,0.5313
2022/5/13,0050 元大台灣50,111.1076,111.3351,110.6071,111.3351,0.9072
2022/5/12,0050 元大台灣50,111.9266,111.9266,110.2886,110.3341,-2.3752
2022/5/11,0050 元大台灣50,112.7,113.246,112.1995,113.0185,0.1613
2022/5/10,0050 元大台灣50,111.1531,112.9275,110.6071,112.8365,-0.4416
2022/5/9,0050 元大台灣50,114.2015,114.247,113.2915,113.337,-1.6581
2022/5/6,0050 元大台灣50,115.066,115.4299,114.611,115.248,-2.0116
2022/5/5,0050 元大台灣50,117.8414,118.1144,117.3409,117.6139,1.1346
2022/5/4,0050 元大台灣50,116.7494,116.8859,116.0214,116.2944,0
2022/5/3,0050 元大台灣50,116.9769,117.1134,115.9759,116.2944,-0.7379
2022/4/29,0050 元大台灣50,117.2954,117.8414,116.7039,117.1589,1.2982
2022/4/28,0050 元大台灣50,115.8849,115.9304,114.611,115.6574,0.4346
2022/4/27,0050 元大台灣50,115.5664,115.5664,114.702,115.157,-2.089
2022/4/26,0050 元大台灣50,118.0689,118.1144,117.2499,117.6139,0
2022/4/25,0050 元大台灣50,118.2964,118.3419,117.0679,117.6139,-1.7857
2022/4/22,0050 元大台灣50,119.5703,119.8888,119.0698,119.7523,-0.8663
2022/4/21,0050 元大台灣50,121.2538,121.5723,120.7078,120.7988,0.0754
2022/4/20,0050 元大台灣50,120.2983,120.7533,119.7978,120.7078,0.4924
2022/4/19,0050 元大台灣50,120.3438,120.9808,119.9798,120.1163,0.3421
2022/4/18,0050 元大台灣50,120.1163,120.3438,119.3428,119.7068,-0.5293
2022/4/15,0050 元大台灣50,120.8898,121.0718,120.1163,120.3438,-1.7094
2022/4/14,0050 元大台灣50,123.5287,123.5287,122.4367,122.4367,-0.3702
2022/4/13,0050 元大台灣50,121.3903,123.0282,121.2083,122.8917,1.8861
2022/4/12,0050 元大台灣50,120.2528,120.8898,119.7523,120.6168,0.0755
2022/4/11,0050 元大台灣50,122.0727,122.3457,120.2983,120.5258,-1.5608
2022/4/8,0050 元大台灣50,122.0272,122.4367,121.7088,122.4367,0.5605
2022/4/7,0050 元大台灣50,122.9372,122.9372,121.7543,121.7543,-1.7982
2022/4/6,0050 元大台灣50,123.0737,124.0747,122.8462,123.9837,-0.5111
2022/4/1,0050 元大台灣50,124.3022,124.6207,123.8927,124.6207,-0.8327
2022/3/31,0050 元大台灣50,126.0766,126.1676,125.6671,125.6671,-0.3248
2022/3/30,0050 元大台灣50,125.6216,126.2131,125.6216,126.0766,1.2422
2022/3/29,0050 元大台灣50,124.6662,124.8482,124.3022,124.5297,0.1097
2022/3/28,0050 元大台灣50,124.6662,124.6662,123.3467,124.3932,-1.0854
2022/3/25,0050 元大台灣50,125.9401,126.0311,125.4851,125.7581,0.1449
2022/3/24,0050 元大台灣50,125.1212,125.6671,124.7117,125.5761,-0.0724
2022/3/23,0050 元大台灣50,125.2121,125.8946,125.1666,125.6671,0.9503
2022/3/22,0050 元大台灣50,124.4842,124.6662,124.0292,124.4842,-0.146
2022/3/21,0050 元大台灣50,124.4842,125.2576,124.4842,124.6662,0.6613
2022/3/18,0050 元大台灣50,124.3022,124.3022,123.3012,123.8472,-0.2199
2022/3/17,0050 元大台灣50,123.2557,124.2112,123.0282,124.1202,3.177
2022/3/16,0050 元大台灣50,121.2083,121.2538,119.2973,120.2983,0.4178
2022/3/15,0050 元大台灣50,121.1628,121.1628,119.5703,119.7978,-2.0461
2022/3/14,0050 元大台灣50,122.8462,123.1647,121.9362,122.3002,0
2022/3/11,0050 元大台灣50,123.6197,123.6197,122.1182,122.3002,-1.4301
2022/3/10,0050 元大台灣50,123.0282,124.2567,123.0282,124.0747,2.9057
2022/3/9,0050 元大台灣50,120.2983,121.2538,120.2983,120.5713,1.0294
2022/3/8,0050 元大台灣50,120.5258,121.1628,119.2063,119.3428,-2.1269
2022/3/7,0050 元大台灣50,124.5752,124.5752,121.7088,121.9362,-3.2142
2022/3/4,0050 元大台灣50,126.0311,126.3496,125.5306,125.9856,-1.0718
2022/3/3,0050 元大台灣50,127.8511,128.1241,127.2596,127.3506,0.2148
2022/3/2,0050 元大台灣50,127.3961,127.4871,126.6681,127.0776,-0.5696
2022/3/1,0050 元大台灣50,126.5316,128.1241,126.3496,127.8056,1.4079
2022/2/25,0050 元大台灣50,126.5316,126.6681,125.4396,126.0311,-0.2161
2022/2/24,0050 元大台灣50,128.397,128.397,125.8491,126.3041,-2.4253
2022/2/23,0050 元大台灣50,129.0795,129.58,128.8975,129.4435,0.282
2022/2/22,0050 元大台灣50,129.762,129.8075,128.0786,129.0795,-1.3561
2022/2/21,0050 元大台灣50,130.5355,130.8995,129.944,130.854,-0.2082
2022/2/18,0050 元大台灣50,130.581,131.1725,130.1715,131.127,-0.2768
2022/2/17,0050 元大台灣50,131.4,131.9459,131.036,131.491,0.0693
2022/2/16,0050 元大台灣50,130.945,131.4455,130.854,131.4,1.6543
2022/2/15,0050 元大台灣50,129.853,130.308,129.1705,129.2615,-0.4555
2022/2/14,0050 元大台灣50,130.9905,130.9905,129.398,129.853,-1.5523
2022/2/11,0050 元大台灣50,131.6729,131.9914,131.0815,131.9004,-0.0689
2022/2/10,0050 元大台灣50,130.945,131.9914,130.581,131.9914,1.1506
2022/2/9,0050 元大台灣50,130.581,130.581,129.8075,130.49,0.3499
2022/2/8,0050 元大台灣50,130.399,130.581,129.944,130.035,0.4216
2022/2/7,0050 元大台灣50,129.762,129.944,128.488,129.489,0.5298
2022/1/26,0050 元大台灣50,128.4425,129.398,128.3516,128.8065,-0.0706
2022/1/25,0050 元大台灣50,129.7165,129.7165,128.5335,128.8975,-1.6319
2022/1/24,0050 元大台灣50,129.307,131.036,128.943,131.036,0.9464
2022/1/21,0050 元大台灣50,130.945,130.9905,129.489,129.8075,-2.1797
2022/1/20,0050 元大台灣50,132.2306,132.8539,131.4292,132.7649,0.404
2022/1/19,0050 元大台灣50,132.6759,133.2546,132.008,132.2306,-1.1976
2022/1/18,0050 元大台灣50,135.5253,135.5698,133.6999,133.8334,-1.1184
2022/1/17,0050 元大台灣50,134.5458,135.7034,134.5458,135.3472,1.1311
2022/1/14,0050 元大台灣50,134.2787,134.6348,132.7204,133.8334,0
2022/1/13,0050 元大台灣50,133.1656,133.967,133.1656,133.8334,0.5015
2022/1/12,0050 元大台灣50,132.9875,133.2101,132.4087,133.1656,0.8429
2022/1/11,0050 元大台灣50,131.4292,132.2306,130.6278,132.0525,0.5083
2022/1/10,0050 元大台灣50,130.0045,131.6073,129.4703,131.3847,0.648
2022/1/7,0050 元大台灣50,132.0525,132.6759,130.4498,130.5388,-0.879
2022/1/6,0050 元大台灣50,132.0525,132.4532,130.895,131.6964,-0.9377
2022/1/5,0050 元大台灣50,133.6553,134.056,132.7649,132.943,-0.2005
2022/1/4,0050 元大台灣50,131.5183,133.2101,131.5183,133.2101,2.1858
2022/1/3,0050 元大台灣50,130.0045,131.2066,130.0045,130.3607,0.6186
2021/12/30,0050 元大台灣50,129.96,130.0045,129.4257,129.5593,-0.3083
2021/12/29,0050 元大台灣50,129.5148,130.1381,129.1586,129.96,0.4474
2021/12/28,0050 元大台灣50,128.4908,129.3812,128.4908,129.3812,0.7978
2021/12/27,0050 元大台灣50,127.5113,128.4463,127.4223,128.3572,0.769
2021/12/24,0050 元大台灣50,127.3332,127.8675,127.2887,127.3777,0.2804
2021/12/23,0050 元大台灣50,127.1106,127.5113,126.6654,127.0216,0.564
2021/12/22,0050 元大台灣50,126.3982,126.4428,126.1311,126.3092,0
2021/12/21,0050 元大台灣50,125.2852,126.3982,125.2852,126.3092,0.8532
2021/12/20,0050 元大台灣50,126.2647,126.3092,124.929,125.2407,-0.8809
2021/12/17,0050 元大台灣50,126.0421,126.4428,125.7304,126.3537,-0.1056
2021/12/16,0050 元大台灣50,125.864,126.4873,125.6859,126.4873,1.2473
2021/12/15,0050 元大台灣50,124.7509,125.1961,124.3947,124.929,0.1428
2021/12/14,0050 元大台灣50,124.9735,125.2852,124.6174,124.7509,-0.9894
2021/12/13,0050 元大台灣50,126.6209,126.8435,125.9975,125.9975,-0.317
2021/12/10,0050 元大台灣50,126.2647,126.5318,125.864,126.3982,-0.0352
2021/12/9,0050 元大台灣50,126.8435,127.0216,126.1756,126.4428,-0.2459
2021/12/8,0050 元大台灣50,127.4223,127.8675,126.7099,126.7544,0.3879
2021/12/7,0050 元大台灣50,125.864,126.2647,124.9735,126.2647,0.3184
2021/12/6,0050 元大台灣50,125.2852,126.3537,124.6619,125.864,-0.2822
2021/12/3,0050 元大台灣50,126.3982,126.5763,125.6414,126.2202,-0.0353
2021/12/2,0050 元大台灣50,124.7509,126.3982,124.3947,126.2647,1.0691
2021/12/1,0050 元大台灣50,122.97,125.1071,122.9255,124.929,1.6667
2021/11/30,0050 元大台灣50,123.5933,124.3057,122.7474,122.881,-0.1086
2021/11/29,0050 元大台灣50,122.5248,123.5933,122.4358,123.0146,0
2021/11/26,0050 元大台灣50,124.2612,124.5283,122.8365,123.0146,-1.6376
2021/11/25,0050 元大台灣50,125.1071,125.4633,124.6619,125.0626,-0.0356
2021/11/24,0050 元大台灣50,125.6414,125.6859,124.7954,125.1071,-0.4252
2021/11/23,0050 元大台灣50,126.4428,126.4428,125.5968,125.6414,-0.9477
2021/11/22,0050 元大台灣50,127.0661,127.2442,126.7989,126.8435,-0.2451
2021/11/19,0050 元大台灣50,127.7784,127.8229,127.0216,127.1551,0.2457
2021/11/18,0050 元大台灣50,126.2202,126.9325,126.1311,126.8435,0.5648
2021/11/17,0050 元大台灣50,125.8195,126.1756,125.6859,126.1311,0.3187
2021/11/16,0050 元大台灣50,125.5078,125.953,125.3742,125.7304,0.1774
2021/11/15,0050 元大台灣50,125.1516,125.7749,125.1516,125.5078,0.8948
2021/11/12,0050 元大台灣50,124.5728,125.3742,124.2167,124.3947,0.3232
2021/11/11,0050 元大台灣50,123.8605,124.4393,123.5933,123.994,-0.8897
2021/11/10,0050 元大台灣50,125.2407,125.2407,124.6619,125.1071,-0.1421
2021/11/9,0050 元大台灣50,124.7954,125.7304,124.7509,125.2852,1.0776
2021/11/8,0050 元大台灣50,123.0591,123.9495,123.0591,123.9495,0.7965
2021/11/5,0050 元大台灣50,122.0796,123.0591,121.8125,122.97,1.4322
2021/11/4,0050 元大台灣50,122.2132,122.4358,121.2337,121.2337,-0.3294
2021/11/3,0050 元大台灣50,121.4563,121.9906,121.4563,121.6344,0.2569
2021/11/2,0050 元大台灣50,121.8125,122.5693,121.2337,121.3227,-0.1832
2021/11/1,0050 元大台灣50,121.2782,121.7679,121.2782,121.5453,0.5155
2021/10/29,0050 元大台灣50,122.0351,122.0351,120.5213,120.922,-0.9843
2021/10/28,0050 元大台灣50,122.3913,122.5693,121.6344,122.1241,-0.2908
2021/10/27,0050 元大台灣50,121.946,122.4803,121.7234,122.4803,0
2021/10/26,0050 元大台灣50,121.6789,122.6584,121.6344,122.4803,0.8431
2021/10/25,0050 元大台灣50,121.1001,121.7234,120.3878,121.4563,-0.0733
2021/10/22,0050 元大台灣50,121.3227,121.7679,120.7885,121.5453,0.2939
2021/10/21,0050 元大台灣50,121.7234,122.7029,121.1892,121.1892,-0.366
2021/10/20,0050 元大台灣50,122.0351,122.2577,121.5008,121.6344,-0.2556
2021/10/19,0050 元大台灣50,121.2782,122.2132,121.1446,121.946,0.8097
2021/10/18,0050 元大台灣50,121.7234,121.9015,120.7439,120.9665,-0.2936
2021/10/15,0050 元大台灣50,119.898,121.4118,119.5864,121.3227,2.6365
2021/10/14,0050 元大台灣50,118.874,119.0521,117.9836,118.2062,0.2644
2021/10/13,0050 元大台灣50,118.785,118.9631,117.6719,117.8945,-0.3387
2021/10/12,0050 元大台灣50,118.1617,118.5624,117.1822,118.2952,-1.006
2021/10/8,0050 元大台灣50,120.7885,120.7885,119.2747,119.4973,-0.8496
2021/10/7,0050 元大台灣50,119.3638,120.7439,119.2747,120.5213,1.7669
2021/10/6,0050 元大台灣50,119.3192,119.3192,117.5383,118.4288,0.0376
2021/10/5,0050 元大台灣50,117.5383,118.4288,116.5589,118.3843,-0.1502
2021/10/4,0050 元大台灣50,119.9425,120.0316,118.2952,118.5624,-0.5972
2021/10/1,0050 元大台灣50,121.3672,121.3672,119.0076,119.2747,-2.2619
2021/9/30,0050 元大台灣50,121.3672,122.0796,120.3878,122.0351,0.7721
2021/9/29,0050 元大台灣50,121.9015,121.9015,120.6104,121.1001,-2.1583
2021/9/28,0050 元大台灣50,123.994,124.0831,123.1036,123.7714,-0.7143
2021/9/27,0050 元大台灣50,124.5283,124.9735,123.9495,124.6619,0.2506
2021/9/24,0050 元大台灣50,123.5933,124.3502,123.5043,124.3502,1.1957
2021/9/23,0050 元大台灣50,122.881,123.3262,122.5248,122.881,0.5831
2021/9/22,0050 元大台灣50,122.0796,122.5248,121.3672,122.1686,-2.3488
2021/9/17,0050 元大台灣50,124.7509,125.5968,124.2167,125.1071,0.2855
2021/9/16,0050 元大台灣50,125.3742,125.5523,124.4393,124.7509,-0.4618
2021/9/15,0050 元大台灣50,125.8195,125.953,125.0181,125.3297,-0.6003
2021/9/14,0050 元大台灣50,126.3092,126.6209,125.864,126.0866,0.106
2021/9/13,0050 元大台灣50,126.3092,126.3092,125.6859,125.953,-0.3522
2021/9/10,0050 元大台灣50,125.2852,126.5318,125.1071,126.3982,1.1761
2021/9/9,0050 元大台灣50,124.3502,125.5523,124.0386,124.929,-0.2488
2021/9/8,0050 元大台灣50,126.2202,126.4428,124.6174,125.2407,-0.8809
2021/9/7,0050 元大台灣50,127.1551,127.1551,125.953,126.3537,-0.456
2021/9/6,0050 元大台灣50,126.3537,127.7784,126.0866,126.9325,0.4581
2021/9/3,0050 元大台灣50,125.2407,126.5318,125.0626,126.3537,1.4296
2021/9/2,0050 元大台灣50,125.4633,125.9085,124.5728,124.5728,-0.7801
2021/9/1,0050 元大台灣50,124.7954,125.8195,124.7064,125.5523,0.4631
2021/8/31,0050 元大台灣50,124.1276,124.9735,122.97,124.9735,0.6093
2021/8/30,0050 元大台灣50,123.4598,124.2167,123.2817,124.2167,0.9772
2021/8/27,0050 元大台灣50,121.7234,123.3262,121.5008,123.0146,0.8394
2021/8/26,0050 元大台灣50,122.3913,122.881,121.4118,121.9906,0.6983
2021/8/25,0050 元大台灣50,120.3432,121.1892,120.3432,121.1446,0.9647
2021/8/24,0050 元大台灣50,120.3878,120.5213,119.8535,119.9871,0.2977
2021/8/23,0050 元大台灣50,117.761,119.7199,117.6719,119.6309,2.7533
2021/8/20,0050 元大台灣50,117.7164,118.2507,115.9355,116.4253,-0.7967
2021/8/19,0050 元大台灣50,119.7644,119.7644,117.1822,117.3603,-2.298
2021/8/18,0050 元大台灣50,118.9631,120.1651,117.939,120.1206,0.4094
2021/8/17,0050 元大台灣50,120.5658,120.6549,119.5864,119.6309,-0.7388
2021/8/16,0050 元大台灣50,120.6549,120.8775,120.1206,120.5213,-0.2212
2021/8/13,0050 元大台灣50,121.6344,121.857,120.6994,120.7885,-0.9493
2021/8/12,0050 元大台灣50,122.1686,122.2132,121.5453,121.946,-0.1822
2021/8/11,0050 元大台灣50,122.3022,122.5693,121.6344,122.1686,-0.3269
2021/8/10,0050 元大台灣50,123.2817,123.3262,122.4358,122.5693,-0.5419
2021/8/9,0050 元大台灣50,123.0591,123.3707,121.7234,123.2372,-0.2882
2021/8/6,0050 元大台灣50,123.6824,123.7714,122.7029,123.5933,-0.1439
2021/8/5,0050 元大台灣50,123.994,124.1721,123.6379,123.7714,-0.1795
2021/8/4,0050 元大台灣50,123.4598,124.0386,123.2817,123.994,0.5778
2021/8/3,0050 元大台灣50,122.8365,123.2817,122.6139,123.2817,0.3988
2021/8/2,0050 元大台灣50,121.9906,122.881,121.1446,122.792,1.3598
2021/7/30,0050 元大台灣50,121.6344,121.6344,121.1001,121.1446,-0.3297
2021/7/29,0050 元大台灣50,120.9665,121.6344,120.4323,121.5453,1.676
2021/7/28,0050 元大台灣50,121.1892,121.1892,119.0966,119.5418,-1.5762
2021/7/27,0050 元大台灣50,121.5453,122.0351,121.1446,121.4563,-0.0366
2021/7/26,0050 元大台灣50,122.6584,122.9255,121.3227,121.5008,-0.8718
2021/7/23,0050 元大台灣50,122.9255,123.1481,122.3022,122.5693,0
2021/7/22,0050 元大台灣50,122.7029,123.3707,122.2132,122.5693,0.695
2021/7/21,0050 元大台灣50,122.881,122.881,121.1892,121.7234,-0.1093
2021/7/20,0050 元大台灣50,122.3898,122.8339,121.7237,121.8569,-0.7954
2021/7/19,0050 元大台灣50,123.4556,123.6333,122.1678,122.8339,-1.1437
2021/7/16,0050 元大台灣50,124.1662,124.3438,123.5,124.255,-1.3399
2021/7/15,0050 元大台灣50,125.1876,125.9869,125.0543,125.9425,0.9253
2021/7/14,0050 元大台灣50,124.5214,125.3208,124.477,124.7879,0.2497
2021/7/13,0050 元大台灣50,124.3438,125.232,124.2994,124.477,0.8273
2021/7/12,0050 元大台灣50,123.5,124.3882,123.056,123.4556,0.9074
2021/7/9,0050 元大台灣50,122.4786,122.4786,121.6349,122.3454,-0.7922
2021/7/8,0050 元大台灣50,123.5889,123.8997,122.7451,123.3224,-0.1079
2021/7/7,0050 元大台灣50,123.9885,124.0329,123.1004,123.4556,-0.5367
2021/7/6,0050 元大台灣50,124.2106,124.3882,123.8553,124.1218,0.1074
2021/7/5,0050 元大台灣50,123.2336,124.3438,123.2336,123.9885,0.94
2021/7/2,0050 元大台灣50,122.8339,123.0115,122.4786,122.8339,0
2021/7/1,0050 元大台灣50,123.4556,123.6333,122.6119,122.8339,-0.4678
2021/6/30,0050 元大台灣50,122.6563,123.7665,122.6119,123.4112,0.9811
2021/6/29,0050 元大台灣50,122.4786,123.1892,121.9457,122.2122,0.2915
2021/6/28,0050 元大台灣50,121.6793,122.1234,121.2352,121.8569,0.1825
2021/6/25,0050 元大台灣50,122.079,122.5231,121.4128,121.6349,0.1829
2021/6/24,0050 元大台灣50,121.7237,121.9013,121.1908,121.4128,-0.2554
2021/6/23,0050 元大台灣50,119.903,121.8125,119.7253,121.7237,1.6314
2021/6/22,0050 元大台灣50,120.4359,120.8355,119.4589,119.7697,0.1114
2021/6/21,0050 元大台灣50,121.5905,121.6793,119.5477,119.6365,-2.3913
2021/6/18,0050 元大台灣50,123.3224,123.3224,122.5231,122.5675,-0.2169
2021/6/17,0050 元大台灣50,122.3898,122.8339,121.8125,122.8339,-0.2884
2021/6/16,0050 元大台灣50,123.1892,123.4112,122.7007,123.1892,-0.108
2021/6/15,0050 元大台灣50,123.1004,123.4556,122.9227,123.3224,0.5431
2021/6/11,0050 元大台灣50,122.6563,123.0115,122.4342,122.6563,0.3634
2021/6/10,0050 元大台灣50,120.7911,122.4342,120.6135,122.2122,1.5498
2021/6/9,0050 元大台灣50,121.0576,121.0576,119.9474,120.347,-0.7326
2021/6/8,0050 元大台灣50,121.9457,122.1234,121.2352,121.2352,-0.5827
2021/6/7,0050 元大台灣50,121.8569,122.0346,119.5921,121.9457,0.2556
2021/6/4,0050 元大台灣50,121.6793,121.6793,121.0576,121.6349,-0.4724
2021/6/3,0050 元大台灣50,122.5231,122.9671,122.1234,122.2122,-0.0726
2021/6/2,0050 元大台灣50,122.3898,122.5675,121.3684,122.301,0
2021/6/1,0050 元大台灣50,121.8569,122.6563,121.8569,122.301,0.4376
2021/5/31,0050 元大台灣50,120.6135,122.1678,120.6135,121.7681,0.9573
2021/5/28,0050 元大台灣50,119.8141,120.7023,119.2812,120.6135,1.6848
2021/5/27,0050 元大台灣50,118.5707,118.7483,117.5493,118.6151,-0.7063
2021/5/26,0050 元大台灣50,119.7697,120.0362,118.9704,119.4589,0.0744
2021/5/25,0050 元大台灣50,118.0378,119.5921,118.0378,119.37,1.7026
2021/5/24,0050 元大台灣50,116.8388,117.8158,116.4835,117.3717,-0.1511
2021/5/21,0050 元大台灣50,117.6825,118.8816,116.6167,117.5493,1.4176
2021/5/20,0050 元大台灣50,116.6611,116.7055,115.1956,115.9062,-0.6849
2021/5/19,0050 元大台灣50,117.4161,117.8158,115.9062,116.7055,-0.6803
2021/5/18,0050 元大台灣50,113.9966,117.5049,113.6858,117.5049,4.585
2021/5/17,0050 元大台灣50,111.1989,114.3963,110.7548,112.3535,-1.9
2021/5/14,0050 元大台灣50,114.1298,115.6841,113.5525,114.5295,1.1373
2021/5/13,0050 元大台灣50,112.1315,115.4621,111.0212,113.2417,-1.4683
2021/5/12,0050 元大台灣50,118.0378,118.0378,107.6462,114.9292,-2.8893
2021/5/11,0050 元大台灣50,120.5691,120.6135,117.7713,118.3487,-3.7559
2021/5/10,0050 元大台灣50,123.8997,123.8997,122.6563,122.9671,-0.6815
2021/5/7,0050 元大台灣50,122.7007,123.8553,122.5231,123.8109,1.789
2021/5/6,0050 元大台灣50,121.0576,122.1234,120.347,121.6349,0.884
2021/5/5,0050 元大台灣50,121.7237,121.9457,120.5247,120.5691,-0.9486
2021/5/4,0050 元大台灣50,122.7895,122.8783,119.903,121.7237,-0.868
2021/5/3,0050 元大台灣50,124.6991,124.6991,122.6563,122.7895,-1.6714
2021/4/29,0050 元大台灣50,125.232,126.1201,124.8767,124.8767,0.1425
2021/4/28,0050 元大台灣50,125.454,125.454,124.5214,124.6991,-0.6018
2021/4/27,0050 元大台灣50,125.4096,125.8537,125.0543,125.454,0.0354
2021/4/26,0050 元大台灣50,124.3438,125.5428,124.255,125.4096,1.4732
2021/4/23,0050 元大台灣50,122.4786,123.5889,122.0346,123.5889,0.9065
2021/4/22,0050 元大台灣50,123.056,123.5,122.301,122.4786,-0.0725
2021/4/21,0050 元大台灣50,123.4112,123.4112,122.5675,122.5675,-0.8977
2021/4/20,0050 元大台灣50,123.3224,123.9441,123.278,123.6777,-0.1792
2021/4/19,0050 元大台灣50,123.6777,124.1218,123.1448,123.8997,0.1795
2021/4/16,0050 元大台灣50,123.3668,123.6777,122.9227,123.6777,0.1438
2021/4/15,0050 元大台灣50,122.6119,123.5,122.2122,123.5,0.8339
2021/4/14,0050 元大台灣50,121.9901,122.4786,120.8355,122.4786,0.5468
2021/4/13,0050 元大台灣50,121.8569,123.278,121.6793,121.8125,0
2021/4/12,0050 元大台灣50,122.6119,122.9227,121.3684,121.8125,-0.5799
2021/4/9,0050 元大台灣50,123.3224,123.3668,122.2566,122.5231,-0.217
2021/4/8,0050 元大台灣50,121.9901,122.7895,121.3684,122.7895,0.3266
2021/4/7,0050 元大台灣50,122.301,122.5231,121.8125,122.3898,0.109
2021/4/6,0050 元大台灣50,122.8339,122.8339,121.9013,122.2566,1.3996
2021/4/1,0050 元大台灣50,120.5247,120.8355,120.0806,120.5691,0.7421
2021/3/31,0050 元大台灣50,120.6135,120.6135,119.5477,119.6809,-0.8462
2021/3/30,0050 元大台灣50,120.6135,120.7467,120.0806,120.7023,0.3322
2021/3/29,0050 元大台灣50,120.0806,120.7023,119.9474,120.3026,0.8188
2021/3/26,0050 元大台灣50,118.171,119.37,117.7269,119.3256,1.8189
2021/3/25,0050 元大台灣50,116.4391,117.7269,115.995,117.194,0.3422
2021/3/24,0050 元大台灣50,117.0608,117.6381,116.6167,116.7944,-1.5719
2021/3/23,0050 元大台灣50,118.926,119.6365,118.6595,118.6595,0.1499
2021/3/22,0050 元大台灣50,117.5937,118.6595,116.8832,118.4819,0.4518
2021/3/19,0050 元大台灣50,118.5263,118.5707,117.5049,117.949,-1.5567
2021/3/18,0050 元大台灣50,119.9918,120.8355,119.7253,119.8141,0.5216
2021/3/17,0050 元大台灣50,120.2138,120.2582,119.0148,119.1924,-0.8496
2021/3/16,0050 元大台灣50,120.3026,120.4803,119.6809,120.2138,0.3336
2021/3/15,0050 元大台灣50,120.125,120.125,119.4145,119.8141,-0.2588
2021/3/12,0050 元大台灣50,120.125,120.4803,119.4589,120.125,0.4083
2021/3/11,0050 元大台灣50,117.2828,119.8585,117.2828,119.6365,2.1228
2021/3/10,0050 元大台灣50,117.5049,117.7713,116.7055,117.1496,0.4187
2021/3/9,0050 元大台灣50,115.9506,116.8832,115.2401,116.6611,-0.3792
2021/3/8,0050 元大台灣50,118.7927,118.8371,116.7944,117.1052,-0.0758
2021/3/5,0050 元大台灣50,115.5065,117.7713,115.018,117.194,-0.6026
2021/3/4,0050 元大台灣50,119.3256,119.3256,116.972,117.9046,-1.9572
2021/3/3,0050 元大台灣50,118.7927,120.2582,117.8602,120.2582,1.4612
2021/3/2,0050 元大台灣50,120.347,120.4803,118.5263,118.5263,0.0375
2021/2/26,0050 元大台灣50,119.5921,120.0806,118.3931,118.4819,-3.0171
2021/2/25,0050 元大台灣50,122.4342,122.7007,121.4128,122.1678,0.8062
2021/2/24,0050 元大台灣50,121.6793,122.7451,121.0132,121.1908,-1.4801
2021/2/23,0050 元大台灣50,121.8125,123.1892,121.1908,123.0115,-0.2161
2021/2/22,0050 元大台灣50,124.1662,125.0099,123.2336,123.278,-0.036
2021/2/19,0050 元大台灣50,123.9441,123.9441,122.2122,123.3224,-1.0688
2021/2/18,0050 元大台灣50,124.8323,125.454,123.9885,124.6547,-0.1423
2021/2/17,0050 元大台灣50,123.4556,125.0987,123.4556,124.8323,4.2656
2021/2/5,0050 元大台灣50,119.7253,121.0576,119.1924,119.7253,0.936
2021/2/4,0050 元大台灣50,118.4819,119.5033,117.5493,118.6151,-0.5955
2021/2/3,0050 元大台灣50,120.3026,120.347,119.1924,119.3256,-0.0744
2021/2/2,0050 元大台灣50,117.6825,119.9474,117.6825,119.4145,2.8298
2021/2/1,0050 元大台灣50,113.8634,116.3059,113.2861,116.1282,1.9891
2021/1/29,0050 元大台灣50,116.8832,117.1052,113.8634,113.8634,-1.6494
2021/1/28,0050 元大台灣50,115.4621,116.6167,114.9292,115.773,-2.0293
2021/1/27,0050 元大台灣50,118.3931,119.37,117.4605,118.171,0.1505
2021/1/26,0050 元大台灣50,120.3914,121.324,117.0608,117.9934,-2.028
2021/1/25,0050 元大台灣50,121.8569,121.9457,119.1924,120.4359,-1.3459
2021/1/22,0050 元大台灣50,122.7451,123.4556,119.903,122.079,-1.7483
2021/1/21,0050 元大台灣50,120.3009,124.5166,120.2574,124.2993,3.4732
2021/1/20,0050 元大台灣50,120.0401,121.257,119.649,120.127,0.1812
2021/1/19,0050 元大台灣50,117.5194,120.0401,117.5194,119.9097,2.6414
2021/1/18,0050 元大台灣50,116.9978,117.302,114.8248,116.824,-0.0743
2021/1/15,0050 元大台灣50,119.2143,119.9532,116.824,116.9109,0.3357
2021/1/14,0050 元大台灣50,117.3455,117.389,115.9113,116.5197,-0.9239
2021/1/13,0050 元大台灣50,115.3898,117.7367,115.3463,117.6063,2.4224
2021/1/12,0050 元大台灣50,114.9986,115.7374,114.3901,114.8248,-0.1512
2021/1/11,0050 元大台灣50,114.0425,114.9986,113.434,114.9986,0.8384
2021/1/8,0050 元大台灣50,113.5209,114.0859,112.6082,114.0425,1.7843
2021/1/7,0050 元大台灣50,110.0006,112.1302,110.0006,112.0432,2.3422
2021/1/6,0050 元大台灣50,109.6094,110.5221,107.8709,109.479,1.0835
2021/1/5,0050 元大台灣50,107.9579,108.349,107.5667,108.3056,0.201
2021/1/4,0050 元大台灣50,106.2194,108.2186,106.0456,108.0883,1.7178
2020/12/31,0050 元大台灣50,106.176,106.3933,105.7848,106.2629,0.5345
2020/12/30,0050 元大台灣50,104.3071,105.6979,104.2202,105.6979,1.4178
2020/12/29,0050 元大台灣50,104.3506,104.481,103.7421,104.2202,-0.0833
2020/12/28,0050 元大台灣50,103.4814,104.3071,103.4814,104.3071,0.8827
2020/12/25,0050 元大台灣50,103.5248,103.9594,103.0902,103.3944,0.1263
2020/12/24,0050 元大台灣50,102.9164,103.3075,102.7425,103.264,0.5501
2020/12/23,0050 元大台灣50,102.4383,102.8294,102.1341,102.6991,0.1271
2020/12/22,0050 元大台灣50,103.4814,103.8725,102.4383,102.5687,-1.1311
2020/12/21,0050 元大台灣50,102.786,103.7856,102.1341,103.7421,0.9729
2020/12/18,0050 元大台灣50,103.0467,103.1771,102.5687,102.7425,-0.3373
2020/12/17,0050 元大台灣50,103.5683,103.5683,102.5687,103.0902,-0.5451
2020/12/16,0050 元大台灣50,102.4817,103.6987,102.4383,103.6552,1.8795
2020/12/15,0050 元大台灣50,102.5252,102.5687,101.4821,101.7429,-1.0148
2020/12/14,0050 元大台灣50,103.1337,103.1337,102.5687,102.786,-0.4211
2020/12/11,0050 元大台灣50,103.264,103.5683,101.9167,103.2206,0.1265
2020/12/10,0050 元大台灣50,103.5683,103.5683,102.6121,103.0902,-1.2078
2020/12/9,0050 元大台灣50,104.3071,104.481,103.8725,104.3506,0
2020/12/8,0050 元大台灣50,102.9598,104.3506,102.5252,104.3506,1.3936
2020/12/7,0050 元大台灣50,103.0033,103.2206,102.1341,102.9164,0.9378
2020/12/4,0050 元大台灣50,100.7433,102.0906,100.7433,101.9602,1.6464
2020/12/3,0050 元大台灣50,100.3521,100.9171,99.961,100.3087,0
2020/12/2,0050 元大台灣50,99.961,100.4391,99.5264,100.3087,0.9624
2020/12/1,0050 元大台灣50,98.9179,99.3525,98.5268,99.3525,0.8826
2020/11/30,0050 元大台灣50,99.7871,100.0914,98.4833,98.4833,-1.1775
2020/11/27,0050 元大台灣50,99.5264,99.8306,99.1787,99.6568,-0.1741
2020/11/26,0050 元大台灣50,99.1352,99.961,99.1352,99.8306,0.7898
2020/11/25,0050 元大台灣50,100.5694,100.5694,99.0048,99.0483,-0.8268
2020/11/24,0050 元大台灣50,100.7868,100.7868,99.7437,99.8741,-0.4764
2020/11/23,0050 元大台灣50,99.6568,100.6998,99.6568,100.3521,1.2719
2020/11/20,0050 元大台灣50,99.2221,99.2221,98.5268,99.0918,-0.1314
2020/11/19,0050 元大台灣50,99.4829,99.5698,98.9179,99.2221,-0.1749
2020/11/18,0050 元大台灣50,98.7441,99.9175,98.3529,99.396,0.6602
2020/11/17,0050 元大台灣50,99.961,100.6129,98.5702,98.7441,0.7092
2020/11/16,0050 元大台灣50,95.9626,98.0487,95.9626,98.0487,3.2494
2020/11/13,0050 元大台灣50,94.3979,95.0064,94.2676,94.9629,0.4136
2020/11/12,0050 元大台灣50,94.7456,95.0933,94.4849,94.5718,0.046
2020/11/11,0050 元大台灣50,93.0941,94.5283,93.0941,94.5283,1.5406
2020/11/10,0050 元大台灣50,93.8764,93.8764,92.8333,93.0941,-0.9251
2020/11/9,0050 元大台灣50,93.6591,94.2241,93.2245,93.9633,1.3121
2020/11/6,0050 元大台灣50,92.4422,93.0506,92.3987,92.7464,0.6129
2020/11/5,0050 元大台灣50,92.3118,92.4856,91.7468,92.1814,-0.0942
2020/11/4,0050 元大台灣50,91.2687,92.3118,91.008,92.2683,1.4818
2020/11/3,0050 元大台灣50,90.5733,91.1383,90.443,90.921,1.1605
2020/11/2,0050 元大台灣50,89.6607,89.9214,88.9218,89.878,0.3883
2020/10/30,0050 元大台灣50,90.0084,90.0518,89.2695,89.5303,-0.8185
2020/10/29,0050 元大台灣50,90.3995,90.4864,89.7476,90.2691,-1.0952
2020/10/28,0050 元大台灣50,91.7033,91.7033,91.0949,91.2687,-0.4739
2020/10/27,0050 元大台灣50,91.9206,91.9206,91.3991,91.7033,-0.5655
2020/10/26,0050 元大台灣50,92.2249,92.6595,91.9641,92.2249,0
2020/10/23,0050 元大台灣50,92.5726,92.703,91.8337,92.2249,0
2020/10/22,0050 元大台灣50,91.8772,92.2249,91.7033,92.2249,0.1416
2020/10/21,0050 元大台灣50,92.138,92.616,91.8337,92.0945,-0.0472
2020/10/20,0050 元大台灣50,92.4856,92.5291,92.138,92.138,-0.5629
2020/10/19,0050 元大台灣50,91.8337,92.6595,91.7903,92.6595,1.2827
2020/10/16,0050 元大台灣50,91.8772,92.3987,91.3557,91.486,-0.4257
2020/10/15,0050 元大台灣50,92.5726,92.5726,91.3557,91.8772,-0.9372
2020/10/14,0050 元大台灣50,93.0506,93.181,92.5291,92.7464,-0.3735
2020/10/13,0050 元大台灣50,93.3114,93.5287,92.3118,93.0941,0.0467
2020/10/12,0050 元大台灣50,92.7464,93.6156,92.7464,93.0506,0.8004
2020/10/8,0050 元大台灣50,91.6599,92.4422,91.5295,92.3118,1.3359
2020/10/7,0050 元大台灣50,90.3995,91.2687,89.9649,91.0949,0.5276
2020/10/6,0050 元大台灣50,90.3995,90.7037,90.2691,90.6168,1.1645
2020/10/5,0050 元大台灣50,89.9214,90.443,89.5303,89.5737,0.0485
2020/9/30,0050 元大台灣50,89.313,89.9214,89.1826,89.5303,0.4388
2020/9/29,0050 元大台灣50,89.313,89.7476,88.7914,89.1391,0.2444
2020/9/28,0050 元大台灣50,88.0961,88.9218,87.7918,88.9218,1.6393
2020/9/25,0050 元大台灣50,87.5745,88.183,86.9661,87.4876,0.1991
2020/9/24,0050 元大台灣50,88.2699,88.4872,87.1399,87.3138,-2.4284
2020/9/23,0050 元大台灣50,89.9649,89.9649,89.0087,89.4868,-0.1455
2020/9/22,0050 元大台灣50,90.6603,90.6603,89.4868,89.6172,-1.2925
2020/9/21,0050 元大台灣50,91.4426,92.051,90.7037,90.7907,-0.8072
2020/9/18,0050 元大台灣50,91.6164,91.8772,91.1383,91.5295,-0.0949
2020/9/17,0050 元大台灣50,92.1814,92.4422,91.3557,91.6164,-1.0793
2020/9/16,0050 元大台灣50,92.616,93.0072,92.4422,92.616,1.5245
2020/9/15,0050 元大台灣50,90.7907,91.4426,90.6168,91.2253,0.3826
2020/9/14,0050 元大台灣50,89.9649,90.8776,89.7476,90.8776,1.2591
2020/9/11,0050 元大台灣50,89.7041,89.8345,89.3564,89.7476,0.0484
2020/9/10,0050 元大台灣50,89.3564,89.8345,89.1826,89.7041,0.8798
2020/9/9,0050 元大台灣50,88.4437,88.9653,87.9222,88.9218,-0.6796
2020/9/8,0050 元大台灣50,89.313,89.6172,89.0522,89.5303,0.5859
2020/9/7,0050 元大台灣50,89.1391,89.5737,88.5741,89.0087,-0.1463
2020/9/4,0050 元大台灣50,88.6611,89.2695,88.5741,89.1391,-0.726
2020/9/3,0050 元大台灣50,90.1387,90.6603,89.7041,89.791,0.2913
2020/9/2,0050 元大台灣50,90.0953,90.443,88.9218,89.5303,-0.3387
2020/9/1,0050 元大台灣50,89.0522,89.8345,88.5307,89.8345,1.5226
2020/8/31,0050 元大台灣50,90.4864,90.6168,88.4872,88.4872,-1.6425
2020/8/28,0050 元大台灣50,90.2691,90.6168,89.5303,89.9649,-1.0043
2020/8/27,0050 元大台灣50,91.3557,91.8772,90.7907,90.8776,0.2397
2020/8/26,0050 元大台灣50,90.3995,90.7037,90.0518,90.6603,0.385
2020/8/25,0050 元大台灣50,89.9214,90.7037,89.8345,90.3126,0.7759
2020/8/24,0050 元大台灣50,89.3999,90.0084,88.9218,89.6172,0.2918
2020/8/21,0050 元大台灣50,88.7914,89.5303,88.4003,89.3564,2.1869
2020/8/20,0050 元大台灣50,90.2257,90.2257,85.7926,87.4441,-3.5012
2020/8/19,0050 元大台灣50,91.2687,91.6599,90.4864,90.6168,-0.7143
2020/8/18,0050 元大台灣50,91.8772,92.051,90.9645,91.2687,-0.5682
2020/8/17,0050 元大台灣50,90.8341,91.8772,90.6168,91.7903,1.0526
2020/8/14,0050 元大台灣50,90.2257,90.8341,89.9649,90.8341,0.2398
2020/8/13,0050 元大台灣50,91.008,91.1818,90.443,90.6168,0.9685
2020/8/12,0050 元大台灣50,90.3995,90.3995,89.5303,89.7476,-1.479
2020/8/11,0050 元大台灣50,91.6164,91.8337,91.0514,91.0949,-0.7576
2020/8/10,0050 元大台灣50,90.4864,92.0076,90.4864,91.7903,0.9078
2020/8/7,0050 元大台灣50,91.7468,91.7468,90.6603,90.9645,-0.7116
2020/8/6,0050 元大台灣50,91.6599,92.0945,91.1383,91.6164,1.0547
2020/8/5,0050 元大台灣50,90.4864,90.8341,90.1822,90.6603,0.9681
2020/8/4,0050 元大台灣50,89.1391,89.8345,89.1391,89.791,1.2745
2020/8/3,0050 元大台灣50,89.9214,89.9649,88.6611,88.6611,-1.7341
2020/7/31,0050 元大台灣50,90.3126,90.6603,89.9214,90.2257,-0.2403
2020/7/30,0050 元大台灣50,90.5733,91.2687,89.791,90.443,1.4627
2020/7/29,0050 元大台灣50,89.3564,90.2257,88.748,89.1391,-1.0135
2020/7/28,0050 元大台灣50,93.2245,94.4849,89.791,90.0518,0.2904
2020/7/27,0050 元大台灣50,88.4872,90.0084,88.4872,89.791,4.8731
2020/7/24,0050 元大台灣50,86.0534,87.0095,85.4015,85.6188,-0.3541
2020/7/23,0050 元大台灣50,85.923,85.9665,85.2711,85.923,-0.1011
2020/7/22,0050 元大台灣50,85.6622,86.2707,85.4884,86.0099,0.2533
2020/7/21,0050 元大台灣50,84.4453,86.1403,84.4018,85.7926,2.4214
2020/7/20,0050 元大台灣50,83.8794,84.0089,83.0596,83.75,-0.1543
2020/7/17,0050 元大台灣50,83.75,84.3109,83.4479,83.8794,1.1446
2020/7/16,0050 元大台灣50,83.7068,83.7068,82.7144,82.9302,-0.9789
2020/7/15,0050 元大台灣50,83.9657,84.5266,83.4479,83.75,0.4139
2020/7/14,0050 元大台灣50,82.6713,83.4048,82.585,83.4048,0.6247
2020/7/13,0050 元大台灣50,82.3261,82.9302,82.1967,82.887,1.4791
2020/7/10,0050 元大台灣50,82.4555,82.585,81.6357,81.6789,-0.8381
2020/7/9,0050 元大台灣50,82.585,82.7144,82.1104,82.3692,0.3153
2020/7/8,0050 元大台灣50,81.5494,82.3261,81.4631,82.1104,0.6878
2020/7/7,0050 元大台灣50,81.9809,82.4124,81.2043,81.5494,0.3717
2020/7/6,0050 元大台灣50,80.4276,81.3768,80.4276,81.2474,1.7288
2020/7/3,0050 元大台灣50,79.4783,80.0393,79.4783,79.8667,1.1475
2020/7/2,0050 元大台灣50,78.2271,78.9606,78.1839,78.9606,1.105
2020/7/1,0050 元大台灣50,77.623,78.4428,77.623,78.0976,0.6674
2020/6/30,0050 元大台灣50,77.2778,77.623,77.1484,77.5798,0.8979
2020/6/29,0050 元大台灣50,77.0189,77.3209,76.5011,76.8895,-1
2020/6/24,0050 元大台灣50,77.4935,78.0976,77.4935,77.6661,0.6149
2020/6/23,0050 元大台灣50,77.3209,77.7093,76.6306,77.1915,0.4492
2020/6/22,0050 元大台灣50,76.6737,77.4072,76.6737,76.8463,0.2251
2020/6/19,0050 元大台灣50,76.8032,76.9326,76.5011,76.6737,-0.0562
2020/6/18,0050 元大台灣50,76.8463,77.0621,76.2423,76.7169,-0.1124
2020/6/17,0050 元大台灣50,76.9758,76.9758,76.1991,76.8032,0.1125
2020/6/16,0050 元大台灣50,76.0697,76.9758,76.0697,76.7169,2.1839
2020/6/15,0050 元大台灣50,76.0265,76.1991,74.991,75.0773,-1.4164
2020/6/12,0050 元大台灣50,75.293,76.3717,75.1636,76.156,-0.8984
2020/6/11,0050 元大台灣50,78.0545,78.3996,76.8032,76.8463,-1.5478
2020/6/10,0050 元大台灣50,77.3641,78.2702,77.2778,78.0545,0.9487
2020/6/9,0050 元大台灣50,77.3209,77.4935,76.76,77.3209,0.1117
2020/6/8,0050 元大台灣50,76.7169,77.4935,76.6306,77.2347,1.3016
2020/6/5,0050 元大台灣50,75.6813,76.2423,75.6813,76.2423,0.8562
2020/6/4,0050 元大台灣50,75.5087,75.7245,75.2067,75.595,0.9217
2020/6/3,0050 元大台灣50,74.3437,74.991,74.3006,74.9047,1.7585
2020/6/2,0050 元大台灣50,73.3513,73.7828,73.3513,73.6102,0.4711
2020/6/1,0050 元大台灣50,72.8767,73.4808,72.8336,73.265,0.5329
2020/5/29,0050 元大台灣50,71.9706,72.8767,71.6254,72.8767,0.7156
2020/5/28,0050 元大台灣50,73.265,73.265,72.1001,72.3589,-0.5928
2020/5/27,0050 元大台灣50,73.0925,73.2219,72.5315,72.7904,-0.1184
2020/5/26,0050 元大台灣50,72.7041,73.0493,72.3589,72.8767,1.1377
2020/5/25,0050 元大台灣50,71.7549,72.0569,70.8919,72.0569,0.6631
2020/5/22,0050 元大台灣50,72.3158,72.4021,71.5391,71.5823,-1.8343
2020/5/21,0050 元大台灣50,72.6178,73.1788,72.5747,72.9199,0.8353
2020/5/20,0050 元大台灣50,72.4884,72.661,72.0569,72.3158,-0.1192
2020/5/19,0050 元大台灣50,72.8336,72.9199,72.1864,72.4021,0.902
2020/5/18,0050 元大台灣50,71.6686,72.0138,71.4528,71.7549,-0.8348
2020/5/15,0050 元大台灣50,72.5315,72.7041,71.6686,72.3589,0.6603
2020/5/14,0050 元大台灣50,72.3158,72.3589,71.798,71.8843,-1.1862
2020/5/13,0050 元大台灣50,72.2295,72.8336,72.1432,72.7473,0.2974
2020/5/12,0050 元大台灣50,73.0062,73.0062,72.1864,72.5315,-1.1758
2020/5/11,0050 元大台灣50,73.3513,73.6965,73.0925,73.3945,0.8299
2020/5/8,0050 元大台灣50,73.0062,73.1356,72.4884,72.7904,0.5963
2020/5/7,0050 元大台灣50,72.0569,72.6178,71.8843,72.3589,0.4192
2020/5/6,0050 元大台灣50,71.8843,72.2726,71.2802,72.0569,0.1199
2020/5/5,0050 元大台灣50,72.0569,72.3158,71.6254,71.9706,0.4819
2020/5/4,0050 元大台灣50,71.1077,71.8843,70.9351,71.6254,-2.924
2020/4/30,0050 元大台灣50,72.8767,73.7828,72.8336,73.7828,2.1505
2020/4/29,0050 元大台灣50,71.6686,72.4021,71.5823,72.2295,1.3931
2020/4/28,0050 元大台灣50,71.5391,71.5391,70.7625,71.2371,0
2020/4/27,0050 元大台灣50,70.8919,71.2802,70.4604,71.2371,2.0396
2020/4/24,0050 元大台灣50,69.7269,69.8995,69.4249,69.8132,0
2020/4/23,0050 元大台灣50,70.029,70.7625,69.2954,69.8132,0.3722
2020/4/22,0050 元大台灣50,69.0366,69.5543,68.6051,69.5543,0
2020/4/21,0050 元大台灣50,71.3234,71.3234,69.468,69.5543,-2.8916
2020/4/20,0050 元大台灣50,71.8412,72.0569,71.4528,71.6254,-0.3003
2020/4/17,0050 元大台灣50,71.6254,72.4884,71.3665,71.8412,3.0322
2020/4/16,0050 元大台灣50,69.2092,69.9858,69.0797,69.7269,-0.4926
2020/4/15,0050 元大台灣50,70.1153,70.331,69.8995,70.0721,0.3088
2020/4/14,0050 元大台灣50,68.2168,69.8564,68.2168,69.8564,2.7284
2020/4/13,0050 元大台灣50,68.1736,68.5188,67.7853,68.001,-0.6305
2020/4/10,0050 元大台灣50,68.1736,68.4756,67.9147,68.4325,0.0631
2020/4/9,0050 元大台灣50,68.9071,69.1229,68.0442,68.3893,-0.4397
2020/4/8,0050 元大台灣50,67.7421,68.7777,67.6127,68.6914,1.4013
2020/4/7,0050 元大台灣50,67.7421,68.0873,67.3538,67.7421,1.8819
2020/4/6,0050 元大台灣50,66.4045,66.534,65.369,66.4908,1.5152
2020/4/1,0050 元大台灣50,66.0162,66.1457,65.4553,65.4984,-0.3283
2020/3/31,0050 元大台灣50,66.2751,66.6203,65.2395,65.7142,0.3955
2020/3/30,0050 元大台灣50,64.4629,65.7142,63.902,65.4553,-0.9791
2020/3/27,0050 元大台灣50,67.5695,67.9147,65.9731,66.1025,-0.7772
2020/3/26,0050 元大台灣50,66.7929,66.836,65.5847,66.6203,0.4554
2020/3/25,0050 元大台灣50,66.2751,66.836,65.671,66.3182,3.5017
2020/3/24,0050 元大台灣50,63.7294,64.9807,63.5999,64.0746,4.8729
2020/3/23,0050 元大台灣50,61.2699,62.2192,60.0187,61.0974,-4.3243
2020/3/20,0050 元大台灣50,61.2699,63.8588,61.1837,63.8588,7.9504
2020/3/19,0050 元大台灣50,61.2699,61.2699,58.0339,59.1557,-5.8379
2020/3/18,0050 元大台灣50,64.6786,64.9375,62.8233,62.8233,-2.7388
2020/3/17,0050 元大台灣50,64.1177,66.1888,64.1177,64.5923,-3.1695
2020/3/16,0050 元大台灣50,69.0366,69.3817,66.4045,66.7066,-4.5679
2020/3/13,0050 元大台灣50,67.3106,70.2447,65.5416,69.8995,-1.3999
2020/3/12,0050 元大台灣50,72.9199,72.9199,70.029,70.8919,-3.6928
2020/3/11,0050 元大台灣50,74.6026,74.6889,73.3945,73.6102,-1.1587
2020/3/10,0050 元大台灣50,73.3513,74.4732,73.265,74.4732,0.5242
2020/3/9,0050 元大台灣50,74.9047,74.9047,73.8691,74.0849,-2.8297
2020/3/6,0050 元大台灣50,77.3641,77.3641,76.1991,76.2423,-2.051
2020/3/5,0050 元大台灣50,77.4935,77.8819,77.4504,77.8387,1.1211
2020/3/4,0050 元大台灣50,76.6306,76.9758,76.2854,76.9758,0.6772
2020/3/3,0050 元大台灣50,76.6737,76.76,76.156,76.458,1.431
2020/3/2,0050 元大台灣50,75.5087,76.156,74.9478,75.3793,-1.4664
2020/2/27,0050 元大台灣50,77.1052,77.2347,76.2423,76.5011,-0.8944
2020/2/26,0050 元大台灣50,76.9326,77.4504,76.7169,77.1915,-0.9961
2020/2/25,0050 元大台灣50,77.2347,78.0976,77.1915,77.9682,0.2775
2020/2/24,0050 元大台灣50,77.8819,78.0113,77.4072,77.7524,-1.2603
2020/2/21,0050 元大台灣50,79.09,79.3489,78.4859,78.7448,-0.4907
2020/2/20,0050 元大台灣50,79.6941,79.8235,78.8311,79.1332,-0.4343
2020/2/19,0050 元大台灣50,78.6585,79.6078,78.5722,79.4783,1.1532
2020/2/18,0050 元大台灣50,78.8743,79.0469,78.5291,78.5722,-1.3543
2020/2/17,0050 元大台灣50,79.6509,79.8667,79.3489,79.6509,-0.6993
2020/2/14,0050 元大台灣50,80.0824,80.4707,79.8667,80.2119,0.1616
2020/2/13,0050 元大台灣50,80.255,80.4707,79.9961,80.0824,0.1619
2020/2/12,0050 元大台灣50,79.392,80.1687,79.392,79.953,0.9809
2020/2/11,0050 元大台灣50,78.8311,79.3489,78.8311,79.1763,0.8242
2020/2/10,0050 元大台灣50,77.6661,78.7017,77.3209,78.5291,-0.2193
2020/2/7,0050 元大台灣50,79.09,79.09,78.4859,78.7017,-1.1918
2020/2/6,0050 元大台灣50,79.09,79.6509,78.8311,79.6509,1.596
2020/2/5,0050 元大台灣50,78.5291,78.788,77.925,78.3996,0.2759
2020/2/4,0050 元大台灣50,77.1915,78.4859,76.9758,78.1839,1.7406
2020/2/3,0050 元大台灣50,76.3717,76.9326,75.595,76.8463,-1.0006
2020/1/31,0050 元大台灣50,78.2271,78.2271,77.3641,77.623,0.7596
2020/1/30,0050 元大台灣50,79.401,79.401,77.019,77.019,-5.6807
2020/1/20,0050 元大台灣50,81.5323,81.9084,81.5323,81.6577,0.4111
2020/1/17,0050 元大台灣50,81.6577,81.6994,81.1562,81.3233,0
2020/1/16,0050 元大台灣50,81.198,81.4905,81.0726,81.3233,-0.3074
2020/1/15,0050 元大台灣50,82.4935,82.4935,81.4487,81.5741,-1.0142
2020/1/14,0050 元大台灣50,82.3263,82.6188,82.2427,82.4099,0.6122
2020/1/13,0050 元大台灣50,81.783,81.992,81.4905,81.9084,0.7194
2020/1/10,0050 元大台灣50,81.4905,81.7412,81.0308,81.3233,0.361
2020/1/9,0050 元大台灣50,80.4875,81.1562,80.4875,81.0308,1.3591
2020/1/8,0050 元大台灣50,79.5682,80.404,79.4428,79.9443,-0.4683
2020/1/7,0050 元大台灣50,80.6129,80.8219,79.7353,80.3204,-0.3112
2020/1/6,0050 元大台灣50,81.1144,81.1562,80.5711,80.5711,-1.2801
2020/1/3,0050 元大台灣50,82.1591,82.4935,81.0726,81.6159,0
2020/1/2,0050 元大台灣50,81.1144,81.9084,81.1144,81.6159,0.722
2019/12/31,0050 元大台灣50,81.1562,81.2398,81.0308,81.0308,-0.8691
2019/12/30,0050 元大台灣50,81.9084,82.1174,81.5741,81.7412,-0.2041
2019/12/27,0050 元大台灣50,81.5741,82.0338,81.5741,81.9084,0.6677
2019/12/26,0050 元大台灣50,81.5323,81.5323,81.1562,81.3651,0
2019/12/25,0050 元大台灣50,81.2398,81.4487,81.1144,81.3651,0.1543
2019/12/24,0050 元大台灣50,81.3233,81.4487,81.2398,81.2398,0.0515
2019/12/23,0050 元大台灣50,81.0726,81.3233,81.0308,81.198,0.2063
2019/12/20,0050 元大台灣50,81.5323,81.5323,80.8219,81.0308,-0.7168
2019/12/19,0050 元大台灣50,82.0338,82.0756,81.5323,81.6159,-0.5601
2019/12/18,0050 元大台灣50,81.9084,82.1591,81.7412,82.0756,0.0509
2019/12/17,0050 元大台灣50,80.8636,82.0338,80.8219,82.0338,1.3423
2019/12/16,0050 元大台灣50,81.0308,81.1144,80.7801,80.9472,-0.0516
2019/12/13,0050 元大台灣50,80.8636,81.4069,80.8219,80.989,1.0955
2019/12/12,0050 元大台灣50,78.8577,80.3204,78.8577,80.1114,2.24
2019/12/11,0050 元大台灣50,77.7294,78.3563,77.6876,78.3563,0.8065
2019/12/10,0050 元大台灣50,78.0637,78.0637,77.5622,77.7294,-0.6941
2019/12/9,0050 元大台灣50,77.8966,78.398,77.8966,78.2727,0.6448
2019/12/6,0050 元大台灣50,77.9801,78.1473,77.5204,77.7712,0.1615
2019/12/5,0050 元大台灣50,77.1861,77.7294,77.0608,77.6458,1.3086
2019/12/4,0050 元大台灣50,76.7682,76.81,76.3921,76.6429,-0.3802
2019/12/3,0050 元大台灣50,76.6429,77.0608,76.5593,76.9354,0
2019/12/2,0050 元大台灣50,76.8518,77.019,76.6847,76.9354,0.6011
2019/11/29,0050 元大台灣50,77.604,77.604,76.4339,76.4757,-1.56
2019/11/28,0050 元大台灣50,77.9383,77.9383,77.5622,77.6876,-0.2682
2019/11/27,0050 元大台灣50,77.604,77.8966,77.5204,77.8966,0.377
2019/11/26,0050 元大台灣50,77.6876,77.9801,77.5622,77.604,0.27
2019/11/25,0050 元大台灣50,77.7294,77.813,77.3533,77.3951,0.054
2019/11/22,0050 元大台灣50,77.3533,77.5204,77.2279,77.3533,0.0541
2019/11/21,0050 元大台灣50,77.1443,77.3533,76.7264,77.3115,-0.8043
2019/11/20,0050 元大台灣50,78.2309,78.2309,77.813,77.9383,-0.3739
2019/11/19,0050 元大台灣50,77.6458,78.2309,77.4369,78.2309,0.7535
2019/11/18,0050 元大台灣50,77.3115,77.6458,77.2279,77.6458,0.6501
2019/11/15,0050 元大台灣50,76.8936,77.3115,76.8936,77.1443,0.9847
2019/11/14,0050 元大台灣50,76.5593,76.7264,76.225,76.3921,-0.0547
2019/11/13,0050 元大台灣50,76.5175,76.6011,76.0996,76.4339,-0.5978
2019/11/12,0050 元大台灣50,76.5175,76.8936,76.5175,76.8936,0.9325
2019/11/11,0050 元大台灣50,77.2279,77.2697,76.0996,76.1832,-1.5127
2019/11/8,0050 元大台灣50,77.7294,77.7712,77.2279,77.3533,-0.3231
2019/11/7,0050 元大台灣50,77.8966,77.8966,77.1861,77.604,-0.5356
2019/11/6,0050 元大台灣50,77.6876,78.0219,77.5204,78.0219,0.4844
2019/11/5,0050 元大台灣50,77.2279,77.6458,77.1861,77.6458,0.7592
2019/11/4,0050 元大台灣50,75.6817,77.1025,75.6817,77.0608,2.3307
2019/11/1,0050 元大台灣50,75.222,75.3892,75.013,75.3056,0
2019/10/31,0050 元大台灣50,75.1384,75.7235,75.1384,75.3056,0.2782
2019/10/30,0050 元大台灣50,74.7623,75.0966,74.6369,75.0966,0.4472
2019/10/29,0050 元大台灣50,74.8041,74.9295,74.6787,74.7623,0.2803
2019/10/28,0050 元大台灣50,74.5952,74.6369,74.3862,74.5534,0.4505
2019/10/25,0050 元大台灣50,74.5534,74.5534,74.0519,74.219,0
2019/10/24,0050 元大台灣50,74.1355,74.219,73.9683,74.219,0.3957
2019/10/23,0050 元大台灣50,74.1355,74.219,73.8011,73.9265,-0.2818
2019/10/22,0050 元大台灣50,73.7176,74.219,73.7176,74.1355,0.9676
2019/10/21,0050 元大台灣50,73.5086,73.5504,73.3414,73.425,-0.1137
2019/10/18,0050 元大台灣50,73.6758,74.0937,73.4668,73.5086,-0.2269
2019/10/17,0050 元大台灣50,73.5922,73.6758,73.3832,73.6758,0.0568
2019/10/16,0050 元大台灣50,73.5504,73.6758,73.425,73.634,0.4561
2019/10/15,0050 元大台灣50,73.1743,73.425,72.9653,73.2997,0.1713
2019/10/14,0050 元大台灣50,72.7146,73.1743,72.7146,73.1743,2.0396
2019/10/9,0050 元大台灣50,72.0042,72.046,71.7116,71.7116,-0.8092
2019/10/8,0050 元大台灣50,71.7534,72.3803,71.7534,72.2967,1.2288
2019/10/7,0050 元大台灣50,71.3773,71.5863,71.2102,71.4191,0.3523
2019/10/4,0050 元大台灣50,71.2102,71.3773,70.8341,71.1684,0.4127
2019/10/3,0050 元大台灣50,70.5415,71.1266,70.4579,70.8758,-0.9924
2019/10/2,0050 元大台灣50,71.5445,71.7952,71.5445,71.5863,-0.349
2019/10/1,0050 元大台灣50,70.8758,71.8788,70.8758,71.837,1.5957
2019/9/27,0050 元大台灣50,70.9594,71.2102,70.6251,70.7087,0.3559
2019/9/26,0050 元大台灣50,70.5833,70.7923,70.3326,70.4579,0.2378
2019/9/25,0050 元大台灣50,70.4997,70.4997,70.1236,70.2908,-0.6497
2019/9/24,0050 元大台灣50,70.6251,70.9176,70.4997,70.7505,0.1775
2019/9/23,0050 元大台灣50,70.7505,70.9176,70.6251,70.6251,-0.2361
2019/9/20,0050 元大台灣50,70.7505,70.9594,70.7505,70.7923,0.296
2019/9/19,0050 元大台灣50,71.0012,71.1684,70.5415,70.5833,-0.5886
2019/9/18,0050 元大台灣50,70.5415,71.043,70.4997,71.0012,0.8309
2019/9/17,0050 元大台灣50,70.5415,70.5833,70.3744,70.4162,-0.1777
2019/9/16,0050 元大台灣50,70.2072,70.5833,70.1654,70.5415,0.5959
2019/9/12,0050 元大台灣50,70.2908,70.4162,69.9982,70.1236,0.5392
2019/9/11,0050 元大台灣50,69.9982,70.1236,69.6221,69.7475,0.06
2019/9/10,0050 元大台灣50,70.1654,70.1654,69.5386,69.7057,-0.4773
2019/9/9,0050 元大台灣50,69.9565,70.2072,69.9147,70.04,0.3593
2019/9/6,0050 元大台灣50,69.5803,69.8311,69.5803,69.7893,0.6024
2019/9/5,0050 元大台灣50,68.9953,69.5386,68.9953,69.3714,1.0347
2019/9/4,0050 元大台灣50,68.0759,68.7028,68.0341,68.661,1.17
2019/9/3,0050 元大台灣50,68.4102,68.5356,67.867,67.867,-0.8547
2019/9/2,0050 元大台灣50,68.3684,68.5356,68.2431,68.452,0.0611
2019/8/30,0050 元大台灣50,67.8252,68.452,67.8252,68.4102,1.6139
2019/8/29,0050 元大台灣50,67.2401,67.3655,66.864,67.3237,0.1866
2019/8/28,0050 元大台灣50,66.9476,67.3237,66.9476,67.1983,0.6888
2019/8/27,0050 元大台灣50,66.9894,67.0312,66.6551,66.7386,0.2511
2019/8/26,0050 元大台灣50,66.6968,66.9476,66.5297,66.5715,-1.6667
2019/8/23,0050 元大台灣50,67.6162,67.7834,67.4908,67.6998,0.1236
2019/8/22,0050 元大台灣50,67.9505,68.2431,67.5326,67.6162,-0.2466
2019/8/21,0050 元大台灣50,67.658,67.8252,67.6162,67.7834,0.1235
2019/8/20,0050 元大台灣50,67.5744,67.7834,67.5326,67.6998,0.2475
2019/8/19,0050 元大台灣50,67.4908,67.6162,67.1147,67.5326,0.56
2019/8/16,0050 元大台灣50,66.4043,67.1565,66.2371,67.1565,1.1965
2019/8/15,0050 元大台灣50,66.1954,66.5297,66.1118,66.3625,-1.1208
2019/8/14,0050 元大台灣50,67.4491,67.5326,67.1147,67.1147,0.7528
2019/8/13,0050 元大台灣50,66.9894,66.9894,66.4879,66.6133,-1.1166
2019/8/12,0050 元大台灣50,67.4073,67.5744,66.9894,67.3655,-0.062
2019/8/8,0050 元大台灣50,66.9058,67.5326,66.864,67.4073,1.192
2019/8/7,0050 元大台灣50,66.9894,67.0312,66.4879,66.6133,-0.4994
2019/8/6,0050 元大台灣50,65.7357,67.2401,65.6103,66.9476,-0.0624
2019/8/5,0050 元大台灣50,67.4491,67.5744,66.7804,66.9894,-0.9883
2019/8/2,0050 元大台灣50,67.7416,67.867,67.3655,67.658,-1.6403
2019/8/1,0050 元大台灣50,68.7028,68.9953,68.6192,68.7863,-0.6039
2019/7/31,0050 元大台灣50,69.4968,69.4968,68.9117,69.2042,-0.4808
2019/7/30,0050 元大台灣50,69.8729,69.9565,69.5386,69.5386,-0.2996
2019/7/29,0050 元大台灣50,69.455,69.7475,69.4132,69.7475,0.2402
2019/7/26,0050 元大台灣50,69.7057,69.7057,69.5386,69.5803,-0.6563
2019/7/25,0050 元大台灣50,69.8311,70.04,69.7057,70.04,0.2992
2019/7/24,0050 元大台灣50,69.9982,70.1236,69.8311,69.8311,-0.0598
2019/7/23,0050 元大台灣50,69.8729,70.1236,69.7893,69.8729,0.2398
2019/7/22,0050 元大台灣50,69.455,69.7893,69.455,69.7057,0.4819
2019/7/19,0050 元大台灣50,69.3714,69.7475,69.3714,69.3714,1.2092
2019/7/18,0050 元大台灣50,68.4528,68.7428,68.4528,68.5356,-0.1208
2019/7/17,0050 元大台灣50,68.9914,68.9914,68.6185,68.6185,-0.6599
2019/7/16,0050 元大台灣50,68.95,69.1572,68.9086,69.0743,0.1803
2019/7/15,0050 元大台灣50,68.6599,69.0743,68.1627,68.95,0.5438
2019/7/12,0050 元大台灣50,68.6599,68.7843,68.5356,68.5771,-0.1207
2019/7/11,0050 元大台灣50,68.4942,68.8257,68.3699,68.6599,0.7908
2019/7/10,0050 元大台灣50,67.9141,68.1627,67.8312,68.1213,0.8589
2019/7/9,0050 元大台灣50,67.7484,67.7484,67.4583,67.5412,-0.1225
2019/7/8,0050 元大台灣50,67.7898,67.9555,67.4583,67.624,-0.3663
2019/7/5,0050 元大台灣50,68.0384,68.2456,67.7898,67.8727,-0.122
2019/7/4,0050 元大台灣50,67.7898,68.1213,67.7898,67.9555,0.6135
2019/7/3,0050 元大台灣50,68.2456,68.2456,67.4169,67.5412,-1.1522
2019/7/2,0050 元大台灣50,68.4942,68.5356,68.287,68.3285,-0.242
2019/7/1,0050 元大台灣50,67.997,68.6185,67.997,68.4942,2.1632
2019/6/28,0050 元大台灣50,67.4997,67.5826,67.0025,67.0439,-0.7362
2019/6/27,0050 元大台灣50,66.7539,67.624,66.7539,67.5412,1.4312
2019/6/26,0050 元大台灣50,66.7953,66.7953,66.5053,66.5881,-0.4954
2019/6/25,0050 元大台灣50,67.2511,67.4583,66.7953,66.9196,-0.5542
2019/6/24,0050 元大台灣50,66.9611,67.5412,66.8782,67.2926,0.4329
2019/6/21,0050 元大台灣50,67.2097,67.2926,66.9611,67.0025,0
2019/6/20,0050 元大台灣50,66.9196,67.1268,66.8368,67.0025,0.1238
2019/6/19,0050 元大台灣50,66.2981,66.9611,66.2566,66.9196,2.3447
2019/6/18,0050 元大台灣50,65.3036,65.4694,65.1379,65.3865,0.2541
2019/6/17,0050 元大台灣50,65.0136,65.4279,64.7235,65.2207,-0.2535
2019/6/14,0050 元大台灣50,65.4694,65.5937,65.3036,65.3865,-0.1898
2019/6/13,0050 元大台灣50,65.8008,65.9252,65.4279,65.5108,-0.8156
2019/6/12,0050 元大台灣50,65.8008,66.1323,65.6765,66.0495,0.3778
2019/6/11,0050 元大台灣50,65.6351,66.1323,65.5108,65.8008,0.4428
2019/6/10,0050 元大台灣50,65.1793,65.5108,64.9307,65.5108,1.7375
2019/6/6,0050 元大台灣50,64.392,64.5163,64.1848,64.392,-0.7663
2019/6/5,0050 元大台灣50,65.345,65.4279,64.8478,64.8892,0.3203
2019/6/4,0050 元大台灣50,65.0136,65.1379,64.6406,64.6821,-0.6365
2019/6/3,0050 元大台灣50,64.8064,65.1793,64.3506,65.0964,0.1275
2019/5/31,0050 元大台灣50,64.102,65.0136,64.0605,65.0136,1.3566
2019/5/30,0050 元大台灣50,63.6047,64.2263,63.6047,64.1434,0.8469
2019/5/29,0050 元大台灣50,63.3975,63.6462,63.2318,63.6047,-0.454
2019/5/28,0050 元大台灣50,64.0191,64.0191,63.6876,63.8948,-0.0648
2019/5/27,0050 元大台灣50,64.2263,64.2263,63.6876,63.9362,-0.2586
2019/5/24,0050 元大台灣50,63.8533,64.2263,63.8119,64.102,0.5198